-- phpMyAdmin SQL Dump
-- version 5.1.1
-- https://www.phpmyadmin.net/
--
-- Host: 127.0.0.1
-- Generation Time: Jan 28, 2022 at 11:03 AM
-- Server version: 10.4.20-MariaDB
-- PHP Version: 7.4.22

SET SQL_MODE = "NO_AUTO_VALUE_ON_ZERO";
START TRANSACTION;
SET time_zone = "+00:00";


/*!40101 SET @OLD_CHARACTER_SET_CLIENT=@@CHARACTER_SET_CLIENT */;
/*!40101 SET @OLD_CHARACTER_SET_RESULTS=@@CHARACTER_SET_RESULTS */;
/*!40101 SET @OLD_COLLATION_CONNECTION=@@COLLATION_CONNECTION */;
/*!40101 SET NAMES utf8mb4 */;

--
-- Database: `teamwork_laravel_db`
--

-- --------------------------------------------------------

--
-- Table structure for table `attachments`
--

CREATE TABLE `attachments` (
  `id` bigint(20) UNSIGNED NOT NULL,
  `attach_title` text COLLATE utf8mb4_unicode_ci DEFAULT NULL,
  `attachment` text COLLATE utf8mb4_unicode_ci DEFAULT NULL,
  `attach_date` datetime DEFAULT NULL,
  `comments_id` int(11) DEFAULT NULL,
  `task_id` int(11) DEFAULT NULL,
  `staff_id` int(11) DEFAULT NULL,
  `project_id` int(11) DEFAULT NULL,
  `created_at` timestamp NULL DEFAULT NULL,
  `updated_at` timestamp NULL DEFAULT NULL
) ENGINE=InnoDB DEFAULT CHARSET=utf8mb4 COLLATE=utf8mb4_unicode_ci;

-- --------------------------------------------------------

--
-- Table structure for table `chat_groups`
--

CREATE TABLE `chat_groups` (
  `id` bigint(20) UNSIGNED NOT NULL,
  `group_name` varchar(200) COLLATE utf8mb4_unicode_ci DEFAULT NULL,
  `created_at` timestamp NULL DEFAULT NULL,
  `updated_at` timestamp NULL DEFAULT NULL
) ENGINE=InnoDB DEFAULT CHARSET=utf8mb4 COLLATE=utf8mb4_unicode_ci;

-- --------------------------------------------------------

--
-- Table structure for table `chat_group_maps`
--

CREATE TABLE `chat_group_maps` (
  `id` bigint(20) UNSIGNED NOT NULL,
  `chat_group_id` int(11) DEFAULT NULL,
  `me_id` int(11) DEFAULT NULL,
  `created_at` timestamp NULL DEFAULT NULL,
  `updated_at` timestamp NULL DEFAULT NULL
) ENGINE=InnoDB DEFAULT CHARSET=utf8mb4 COLLATE=utf8mb4_unicode_ci;

-- --------------------------------------------------------

--
-- Table structure for table `chat_login_status`
--

CREATE TABLE `chat_login_status` (
  `id` bigint(20) UNSIGNED NOT NULL,
  `user_id` int(11) DEFAULT NULL,
  `login_datetime` timestamp NULL DEFAULT NULL,
  `is_active` int(11) DEFAULT NULL,
  `created_at` timestamp NULL DEFAULT NULL,
  `updated_at` timestamp NULL DEFAULT NULL
) ENGINE=InnoDB DEFAULT CHARSET=utf8mb4 COLLATE=utf8mb4_unicode_ci;

--
-- Dumping data for table `chat_login_status`
--

INSERT INTO `chat_login_status` (`id`, `user_id`, `login_datetime`, `is_active`, `created_at`, `updated_at`) VALUES
(19, 1, '2022-01-28 10:01:40', 1, '2022-01-28 10:01:40', '2022-01-28 10:01:40'),
(20, 4, '2021-01-03 16:23:55', 1, '2021-01-03 16:23:55', '2021-01-03 16:23:55'),
(21, 5, '2020-11-08 10:36:33', 0, '2020-12-27 10:36:33', '2020-12-27 10:36:33'),
(22, 6, '2020-11-14 10:37:11', 0, '2020-12-27 10:37:11', '2020-12-27 10:37:11'),
(23, 7, '2020-10-15 10:38:04', 0, '2020-12-27 10:38:04', '2020-12-27 10:38:04'),
(24, 8, '2020-08-13 10:39:27', 0, '2020-12-27 10:39:27', '2020-12-27 10:39:27'),
(25, 9, '2020-11-20 10:40:14', 0, '2020-12-27 10:40:14', '2020-12-27 10:40:14'),
(26, 10, '2020-03-05 10:40:56', 0, '2020-12-27 10:40:56', '2020-12-27 10:40:56'),
(27, 11, '2020-07-27 10:42:08', 0, '2020-12-27 10:42:08', '2020-12-27 10:42:08'),
(28, 12, '2020-12-29 19:42:55', 0, '2020-12-27 10:42:55', '2020-12-27 10:42:55'),
(29, 13, '2020-12-14 10:43:51', 0, '2020-12-27 10:43:51', '2020-12-27 10:43:51'),
(30, 14, '2020-12-12 10:51:51', 0, '2020-12-27 10:51:51', '2020-12-27 10:51:51'),
(31, 17, '2020-12-04 11:13:32', 0, '2020-12-27 11:13:32', '2020-12-27 11:13:32'),
(32, 20, '2020-12-01 11:00:17', 0, '2020-12-27 11:00:17', '2020-12-27 11:00:17'),
(33, 21, '2020-08-20 11:01:47', 0, '2020-12-27 11:01:47', '2020-12-27 11:01:47'),
(34, 27, '2020-07-23 11:03:02', 0, '2020-12-27 11:03:02', '2020-12-27 11:03:02'),
(35, 28, '2020-12-03 11:04:02', 0, '2020-12-27 11:04:02', '2020-12-27 11:04:02'),
(36, 29, '2020-12-19 11:05:14', 0, '2020-12-27 11:05:14', '2020-12-27 11:05:14'),
(37, 30, '2020-12-20 11:06:13', 0, '2020-12-27 11:06:13', '2020-12-27 11:06:13'),
(38, 31, '2020-12-19 11:07:15', 0, '2020-12-27 11:07:15', '2020-12-27 11:07:15'),
(39, 32, '2020-12-15 11:08:13', 0, '2020-12-27 11:08:13', '2020-12-27 11:08:13'),
(40, 33, '2020-11-27 11:09:25', 0, '2020-12-27 11:09:25', '2020-12-27 11:09:25'),
(41, 34, '2020-11-20 11:10:34', 0, '2020-12-27 11:10:34', '2020-12-27 11:10:34'),
(42, 35, '2020-12-01 11:12:14', 0, '2020-12-27 11:12:14', '2020-12-27 11:12:14');

-- --------------------------------------------------------

--
-- Table structure for table `chat_messages`
--

CREATE TABLE `chat_messages` (
  `id` bigint(20) UNSIGNED NOT NULL,
  `user_id` int(11) DEFAULT NULL,
  `me_id` int(11) DEFAULT NULL,
  `chat_mes_text` text COLLATE utf8mb4_unicode_ci DEFAULT NULL,
  `chat_mes_file` text COLLATE utf8mb4_unicode_ci DEFAULT NULL,
  `chat_mes_img` text COLLATE utf8mb4_unicode_ci DEFAULT NULL,
  `is_delete` int(11) DEFAULT NULL,
  `is_seen` int(11) DEFAULT NULL,
  `is_me_id` int(11) DEFAULT NULL,
  `is_group` int(11) DEFAULT NULL,
  `chat_datetime` timestamp NULL DEFAULT NULL,
  `created_at` timestamp NULL DEFAULT NULL,
  `updated_at` timestamp NULL DEFAULT NULL
) ENGINE=InnoDB DEFAULT CHARSET=utf8mb4 COLLATE=utf8mb4_unicode_ci;

--
-- Dumping data for table `chat_messages`
--

INSERT INTO `chat_messages` (`id`, `user_id`, `me_id`, `chat_mes_text`, `chat_mes_file`, `chat_mes_img`, `is_delete`, `is_seen`, `is_me_id`, `is_group`, `chat_datetime`, `created_at`, `updated_at`) VALUES
(1, 4, 1, 'Hi', NULL, NULL, NULL, 0, 1, NULL, '2022-01-28 09:53:47', '2022-01-28 09:53:47', '2022-01-28 09:53:47');

-- --------------------------------------------------------

--
-- Table structure for table `comments`
--

CREATE TABLE `comments` (
  `id` bigint(20) UNSIGNED NOT NULL,
  `comment` text COLLATE utf8mb4_unicode_ci DEFAULT NULL,
  `attachment` text COLLATE utf8mb4_unicode_ci DEFAULT NULL,
  `comments_date` datetime DEFAULT NULL,
  `task_id` int(11) DEFAULT NULL,
  `staff_id` int(11) DEFAULT NULL,
  `project_id` int(11) DEFAULT NULL,
  `battach` tinyint(4) NOT NULL DEFAULT 0,
  `editable` tinyint(4) NOT NULL DEFAULT 0,
  `created_at` timestamp NULL DEFAULT NULL,
  `updated_at` timestamp NULL DEFAULT NULL
) ENGINE=InnoDB DEFAULT CHARSET=utf8mb4 COLLATE=utf8mb4_unicode_ci;

--
-- Dumping data for table `comments`
--

INSERT INTO `comments` (`id`, `comment`, `attachment`, `comments_date`, `task_id`, `staff_id`, `project_id`, `battach`, `editable`, `created_at`, `updated_at`) VALUES
(1, 'Added this task to ToDo', NULL, '2020-12-28 11:13:33', 1, 1, 33, 0, 0, '2020-12-28 17:13:33', '2020-12-28 17:13:33'),
(2, 'Added this task to ToDo', NULL, '2020-12-28 11:15:02', 2, 1, 33, 0, 0, '2020-12-28 17:15:02', '2020-12-28 17:15:02'),
(3, 'Added this task to ToDo', NULL, '2020-12-28 11:15:19', 3, 1, 33, 0, 0, '2020-12-28 17:15:19', '2020-12-28 17:15:19'),
(4, 'Added this task to ToDo', NULL, '2020-12-28 11:15:28', 4, 1, 33, 0, 0, '2020-12-28 17:15:28', '2020-12-28 17:15:28'),
(5, 'Added this task to ToDo', NULL, '2020-12-28 11:15:49', 5, 1, 33, 0, 0, '2020-12-28 17:15:49', '2020-12-28 17:15:49'),
(6, 'Moved this task from ToDo to Doing', NULL, '2020-12-28 11:16:11', 2, 1, 33, 0, 0, '2020-12-28 17:16:11', '2020-12-28 17:16:11'),
(7, 'Moved this task from ToDo to Doing', NULL, '2020-12-28 11:16:19', 4, 1, 33, 0, 0, '2020-12-28 17:16:19', '2020-12-28 17:16:19'),
(8, 'Added this task to ToDo', NULL, '2020-12-28 11:16:37', 6, 1, 33, 0, 0, '2020-12-28 17:16:37', '2020-12-28 17:16:37'),
(9, 'Moved this task from ToDo to Doing', NULL, '2020-12-28 11:16:48', 6, 1, 33, 0, 0, '2020-12-28 17:16:48', '2020-12-28 17:16:48'),
(10, 'Added this task to ToDo', NULL, '2020-12-28 11:17:09', 7, 1, 33, 0, 0, '2020-12-28 17:17:09', '2020-12-28 17:17:09'),
(11, 'Moved this task from ToDo to Doing', NULL, '2020-12-28 11:17:17', 7, 1, 33, 0, 0, '2020-12-28 17:17:17', '2020-12-28 17:17:17'),
(12, 'Moved this task from Doing to Testing', NULL, '2020-12-28 11:17:29', 2, 1, 33, 0, 0, '2020-12-28 17:17:29', '2020-12-28 17:17:29'),
(13, 'Added this task to ToDo', NULL, '2020-12-28 11:18:02', 8, 1, 33, 0, 0, '2020-12-28 17:18:02', '2020-12-28 17:18:02'),
(14, 'Added this task to ToDo', NULL, '2020-12-28 11:18:14', 9, 1, 33, 0, 0, '2020-12-28 17:18:14', '2020-12-28 17:18:14'),
(15, 'Moved this task from ToDo to Doing', NULL, '2020-12-28 11:18:25', 8, 1, 33, 0, 0, '2020-12-28 17:18:25', '2020-12-28 17:18:25'),
(16, 'Moved this task from Doing to Testing', NULL, '2020-12-28 11:18:34', 7, 1, 33, 0, 0, '2020-12-28 17:18:34', '2020-12-28 17:18:34'),
(17, 'Lorem Ipsum is simply dummy text of the printing and typesetting industry. Lorem Ipsum has been the industry', NULL, '2020-12-28 11:18:48', 6, 1, 33, 0, 1, '2020-12-28 17:18:48', '2020-12-28 17:18:48'),
(18, 'Lorem Ipsum is simply dummy text of the printing and typesetting industry. Lorem Ipsum has been the industry', NULL, '2020-12-28 11:19:03', 3, 1, 33, 0, 1, '2020-12-28 17:19:03', '2020-12-28 17:19:03'),
(19, 'Lorem Ipsum is simply dummy text of the printing and typesetting industry. Lorem Ipsum has been the industry', NULL, '2020-12-28 11:19:07', 3, 1, 33, 0, 1, '2020-12-28 17:19:07', '2020-12-28 17:19:07'),
(20, 'Lorem Ipsum is simply dummy text of the printing and typesetting industry. Lorem Ipsum has been the industry', NULL, '2020-12-28 11:19:14', 8, 1, 33, 0, 1, '2020-12-28 17:19:14', '2020-12-28 17:19:14'),
(21, 'Lorem Ipsum is simply dummy text of the printing and typesetting industry. Lorem Ipsum has been the industry', NULL, '2020-12-28 11:19:17', 8, 1, 33, 0, 1, '2020-12-28 17:19:17', '2020-12-28 17:19:17'),
(22, 'Moved this task from Testing to Done', NULL, '2020-12-28 11:19:49', 2, 1, 33, 0, 0, '2020-12-28 17:19:49', '2020-12-28 17:19:49'),
(23, 'This task is complete in Done', NULL, '2020-12-28 11:19:57', 2, 1, 33, 0, 0, '2020-12-28 17:19:57', '2020-12-28 17:19:57'),
(24, 'Added this task to ToDo', NULL, '2020-12-28 11:21:35', 10, 1, 32, 0, 0, '2020-12-28 17:21:35', '2020-12-28 17:21:35'),
(25, 'Added this task to ToDo', NULL, '2020-12-28 11:21:43', 11, 1, 32, 0, 0, '2020-12-28 17:21:43', '2020-12-28 17:21:43'),
(26, 'Added this task to ToDo', NULL, '2020-12-28 11:21:55', 12, 1, 32, 0, 0, '2020-12-28 17:21:55', '2020-12-28 17:21:55'),
(27, 'Added this task to ToDo', NULL, '2020-12-28 11:22:09', 13, 1, 32, 0, 0, '2020-12-28 17:22:09', '2020-12-28 17:22:09'),
(28, 'Change status this task to ToDo', NULL, '2020-12-28 11:22:30', 13, 1, 32, 0, 0, '2020-12-28 17:22:30', '2020-12-28 17:22:30'),
(29, 'Added this task to ToDo', NULL, '2020-12-28 11:22:50', 14, 1, 32, 0, 0, '2020-12-28 17:22:50', '2020-12-28 17:22:50'),
(30, 'Moved this task from ToDo to Doing', NULL, '2020-12-28 11:22:59', 12, 1, 32, 0, 0, '2020-12-28 17:22:59', '2020-12-28 17:22:59'),
(31, 'Moved this task from ToDo to Doing', NULL, '2020-12-28 11:23:06', 13, 1, 32, 0, 0, '2020-12-28 17:23:06', '2020-12-28 17:23:06'),
(32, 'Added this task to ToDo', NULL, '2020-12-28 11:23:23', 15, 1, 32, 0, 0, '2020-12-28 17:23:23', '2020-12-28 17:23:23'),
(33, 'Moved this task from ToDo to Doing', NULL, '2020-12-28 11:23:30', 15, 1, 32, 0, 0, '2020-12-28 17:23:30', '2020-12-28 17:23:30'),
(34, 'Moved this task from Doing to Done', NULL, '2020-12-28 11:23:36', 12, 1, 32, 0, 0, '2020-12-28 17:23:36', '2020-12-28 17:23:36'),
(35, 'This task is complete in Done', NULL, '2020-12-28 11:23:41', 12, 1, 32, 0, 0, '2020-12-28 17:23:41', '2020-12-28 17:23:41'),
(36, 'Lorem Ipsum is simply dummy text of the printing and typesetting industry. Lorem Ipsum has been the industry', NULL, '2020-12-28 11:23:54', 13, 1, 32, 0, 1, '2020-12-28 17:23:54', '2020-12-28 17:23:54'),
(37, 'Lorem Ipsum is simply dummy text of the printing and typesetting industry. Lorem Ipsum has been the industry', NULL, '2020-12-28 11:23:58', 13, 1, 32, 0, 1, '2020-12-28 17:23:58', '2020-12-28 17:23:58'),
(38, 'Added this task to ToDo', NULL, '2020-12-28 11:24:43', 16, 1, 32, 0, 0, '2020-12-28 17:24:43', '2020-12-28 17:24:43'),
(39, 'Added this task to ToDo', NULL, '2020-12-28 11:26:19', 17, 1, 31, 0, 0, '2020-12-28 17:26:19', '2020-12-28 17:26:19'),
(40, 'Added this task to ToDo', NULL, '2020-12-28 11:26:32', 18, 1, 31, 0, 0, '2020-12-28 17:26:32', '2020-12-28 17:26:32'),
(41, 'Added this task to ToDo', NULL, '2020-12-28 11:26:37', 19, 1, 31, 0, 0, '2020-12-28 17:26:37', '2020-12-28 17:26:37'),
(42, 'Added this task to ToDo', NULL, '2020-12-28 11:26:44', 20, 1, 31, 0, 0, '2020-12-28 17:26:44', '2020-12-28 17:26:44'),
(43, 'Added this task to ToDo', NULL, '2020-12-28 11:26:58', 21, 1, 31, 0, 0, '2020-12-28 17:26:58', '2020-12-28 17:26:58'),
(44, 'Moved this task from ToDo to Doing', NULL, '2020-12-28 11:27:05', 19, 1, 31, 0, 0, '2020-12-28 17:27:05', '2020-12-28 17:27:05'),
(45, 'Change status this task to Doing', NULL, '2020-12-28 11:27:15', 19, 1, 31, 0, 0, '2020-12-28 17:27:15', '2020-12-28 17:27:15'),
(46, 'This task is complete in Doing', NULL, '2020-12-28 11:27:25', 19, 1, 31, 0, 0, '2020-12-28 17:27:25', '2020-12-28 17:27:25'),
(47, 'Moved this task from Doing to Done', NULL, '2020-12-28 11:27:31', 19, 1, 31, 0, 0, '2020-12-28 17:27:31', '2020-12-28 17:27:31'),
(48, 'Moved this task from ToDo to Doing', NULL, '2020-12-28 11:27:39', 18, 1, 31, 0, 0, '2020-12-28 17:27:39', '2020-12-28 17:27:39'),
(49, 'Added this task to ToDo', NULL, '2020-12-29 12:27:17', 22, 1, 22, 0, 0, '2020-12-28 18:27:17', '2020-12-28 18:27:17'),
(50, 'This task is complete in Testing', NULL, '2020-12-29 08:44:08', 7, 1, 33, 0, 0, '2020-12-29 14:44:08', '2020-12-29 14:44:08'),
(51, 'Added this task to ToDo', NULL, '2020-12-29 08:45:14', 23, 1, 31, 0, 0, '2020-12-29 14:45:14', '2020-12-29 14:45:14'),
(52, 'Moved this task from ToDo to Doing', NULL, '2020-12-29 08:45:22', 23, 1, 31, 0, 0, '2020-12-29 14:45:22', '2020-12-29 14:45:22'),
(53, 'Added this task to ToDo', NULL, '2020-12-29 08:46:43', 24, 1, 30, 0, 0, '2020-12-29 14:46:43', '2020-12-29 14:46:43'),
(54, 'Added this task to ToDo', NULL, '2020-12-29 08:47:09', 25, 1, 30, 0, 0, '2020-12-29 14:47:09', '2020-12-29 14:47:09'),
(55, 'Added this task to ToDo', NULL, '2020-12-29 08:47:22', 26, 1, 30, 0, 0, '2020-12-29 14:47:22', '2020-12-29 14:47:22'),
(56, 'Added this task to ToDo', NULL, '2020-12-29 08:47:35', 27, 1, 30, 0, 0, '2020-12-29 14:47:35', '2020-12-29 14:47:35'),
(57, 'Added this task to ToDo', NULL, '2020-12-29 08:47:49', 28, 1, 30, 0, 0, '2020-12-29 14:47:49', '2020-12-29 14:47:49'),
(58, 'Added this task to ToDo', NULL, '2020-12-29 08:48:02', 29, 1, 30, 0, 0, '2020-12-29 14:48:02', '2020-12-29 14:48:02'),
(59, 'Added this task to ToDo', NULL, '2020-12-29 08:48:17', 30, 1, 30, 0, 0, '2020-12-29 14:48:17', '2020-12-29 14:48:17'),
(60, 'Moved this task from ToDo to Doing', NULL, '2020-12-29 08:48:29', 30, 1, 30, 0, 0, '2020-12-29 14:48:29', '2020-12-29 14:48:29'),
(61, 'Moved this task from ToDo to Doing', NULL, '2020-12-29 08:48:35', 25, 1, 30, 0, 0, '2020-12-29 14:48:35', '2020-12-29 14:48:35'),
(62, 'Moved this task from ToDo to Testing', NULL, '2020-12-29 08:48:39', 26, 1, 30, 0, 0, '2020-12-29 14:48:40', '2020-12-29 14:48:40'),
(63, 'Moved this task from ToDo to Doing', NULL, '2020-12-29 08:48:50', 28, 1, 30, 0, 0, '2020-12-29 14:48:50', '2020-12-29 14:48:50'),
(64, 'Moved this task from Testing to Done', NULL, '2020-12-29 08:49:02', 26, 1, 30, 0, 0, '2020-12-29 14:49:02', '2020-12-29 14:49:02'),
(65, 'This task is complete in Done', NULL, '2020-12-29 08:49:11', 26, 1, 30, 0, 0, '2020-12-29 14:49:11', '2020-12-29 14:49:11'),
(66, 'Moved this task from Doing to Testing', NULL, '2020-12-29 08:49:28', 25, 1, 30, 0, 0, '2020-12-29 14:49:28', '2020-12-29 14:49:28'),
(67, 'This task is complete in Testing', NULL, '2020-12-29 08:49:44', 25, 1, 30, 0, 0, '2020-12-29 14:49:44', '2020-12-29 14:49:44'),
(68, 'Added this task to ToDo', NULL, '2020-12-29 08:51:41', 31, 1, 29, 0, 0, '2020-12-29 14:51:41', '2020-12-29 14:51:41'),
(69, 'Added this task to ToDo', NULL, '2020-12-29 08:51:54', 32, 1, 29, 0, 0, '2020-12-29 14:51:54', '2020-12-29 14:51:54'),
(70, 'Added this task to ToDo', NULL, '2020-12-29 08:52:08', 33, 1, 29, 0, 0, '2020-12-29 14:52:08', '2020-12-29 14:52:08'),
(71, 'Added this task to ToDo', NULL, '2020-12-29 08:52:22', 34, 1, 29, 0, 0, '2020-12-29 14:52:22', '2020-12-29 14:52:22'),
(72, 'Added this task to ToDo', NULL, '2020-12-29 08:53:06', 35, 1, 29, 0, 0, '2020-12-29 14:53:06', '2020-12-29 14:53:06'),
(73, 'Added this task to ToDo', NULL, '2020-12-29 08:54:19', 36, 1, 29, 0, 0, '2020-12-29 14:54:19', '2020-12-29 14:54:19'),
(74, 'Added this task to ToDo', NULL, '2020-12-29 08:54:34', 37, 1, 29, 0, 0, '2020-12-29 14:54:34', '2020-12-29 14:54:34'),
(75, 'Moved this task from ToDo to Doing', NULL, '2020-12-29 08:54:43', 33, 1, 29, 0, 0, '2020-12-29 14:54:43', '2020-12-29 14:54:43'),
(76, 'Moved this task from ToDo to Doing', NULL, '2020-12-29 08:54:48', 34, 1, 29, 0, 0, '2020-12-29 14:54:48', '2020-12-29 14:54:48'),
(77, 'Moved this task from ToDo to Doing', NULL, '2020-12-29 08:56:43', 35, 1, 29, 0, 0, '2020-12-29 14:56:43', '2020-12-29 14:56:43'),
(78, 'Moved this task from ToDo to Doing', NULL, '2020-12-29 08:56:54', 36, 1, 29, 0, 0, '2020-12-29 14:56:55', '2020-12-29 14:56:55'),
(79, 'Moved this task from Doing to Done', NULL, '2020-12-29 08:57:01', 34, 1, 29, 0, 0, '2020-12-29 14:57:01', '2020-12-29 14:57:01'),
(80, 'Moved this task from Doing to Done', NULL, '2020-12-29 08:57:06', 33, 1, 29, 0, 0, '2020-12-29 14:57:06', '2020-12-29 14:57:06'),
(81, 'This task is complete in Done', NULL, '2020-12-29 08:58:12', 34, 1, 29, 0, 0, '2020-12-29 14:58:12', '2020-12-29 14:58:12'),
(82, 'This task is complete in Done', NULL, '2020-12-29 08:58:17', 33, 1, 29, 0, 0, '2020-12-29 14:58:17', '2020-12-29 14:58:17'),
(83, 'Added this task to ToDo', NULL, '2020-12-29 09:18:48', 38, 1, 28, 0, 0, '2020-12-29 15:18:48', '2020-12-29 15:18:48'),
(84, 'Added this task to ToDo', NULL, '2020-12-29 09:19:00', 39, 1, 28, 0, 0, '2020-12-29 15:19:00', '2020-12-29 15:19:00'),
(85, 'Added this task to ToDo', NULL, '2020-12-29 09:19:52', 40, 1, 28, 0, 0, '2020-12-29 15:19:52', '2020-12-29 15:19:52'),
(86, 'Added this task to ToDo', NULL, '2020-12-29 09:20:03', 41, 1, 28, 0, 0, '2020-12-29 15:20:03', '2020-12-29 15:20:03'),
(87, 'Added this task to ToDo', NULL, '2020-12-29 09:20:29', 42, 1, 28, 0, 0, '2020-12-29 15:20:29', '2020-12-29 15:20:29'),
(88, 'Added this task to ToDo', NULL, '2020-12-29 09:21:30', 43, 1, 28, 0, 0, '2020-12-29 15:21:30', '2020-12-29 15:21:30'),
(89, 'Added this task to ToDo', NULL, '2020-12-29 09:21:47', 44, 1, 28, 0, 0, '2020-12-29 15:21:47', '2020-12-29 15:21:47'),
(90, 'Added this task to ToDo', NULL, '2020-12-29 09:21:54', 45, 1, 28, 0, 0, '2020-12-29 15:21:55', '2020-12-29 15:21:55'),
(91, 'Moved this task from ToDo to Doing', NULL, '2020-12-29 09:22:21', 39, 1, 28, 0, 0, '2020-12-29 15:22:21', '2020-12-29 15:22:21'),
(92, 'Moved this task from ToDo to Doing', NULL, '2020-12-29 09:22:28', 40, 1, 28, 0, 0, '2020-12-29 15:22:28', '2020-12-29 15:22:28'),
(93, 'Moved this task from ToDo to Doing', NULL, '2020-12-29 09:22:44', 44, 1, 28, 0, 0, '2020-12-29 15:22:44', '2020-12-29 15:22:44'),
(94, 'Moved this task from ToDo to Doing', NULL, '2020-12-29 09:22:55', 45, 1, 28, 0, 0, '2020-12-29 15:22:55', '2020-12-29 15:22:55'),
(95, 'This task is complete in Doing', NULL, '2020-12-29 09:23:20', 40, 1, 28, 0, 0, '2020-12-29 15:23:20', '2020-12-29 15:23:20'),
(96, 'Moved this task from Doing to Done', NULL, '2020-12-29 09:23:26', 40, 1, 28, 0, 0, '2020-12-29 15:23:26', '2020-12-29 15:23:26'),
(97, 'Moved this task from Doing to Done', NULL, '2020-12-29 09:23:31', 39, 1, 28, 0, 0, '2020-12-29 15:23:31', '2020-12-29 15:23:31'),
(98, 'This task is complete in Done', NULL, '2020-12-29 09:23:56', 39, 1, 28, 0, 0, '2020-12-29 15:23:57', '2020-12-29 15:23:57'),
(99, 'Added this task to ToDo', NULL, '2020-12-29 10:16:28', 46, 1, 27, 0, 0, '2020-12-29 16:16:28', '2020-12-29 16:16:28'),
(100, 'Added this task to ToDo', NULL, '2020-12-29 10:16:39', 47, 1, 27, 0, 0, '2020-12-29 16:16:39', '2020-12-29 16:16:39'),
(101, 'Added this task to ToDo', NULL, '2020-12-29 10:16:51', 48, 1, 27, 0, 0, '2020-12-29 16:16:51', '2020-12-29 16:16:51'),
(102, 'Added this task to ToDo', NULL, '2020-12-29 10:17:13', 49, 1, 27, 0, 0, '2020-12-29 16:17:13', '2020-12-29 16:17:13'),
(103, 'Added this task to ToDo', NULL, '2020-12-29 10:17:25', 50, 1, 27, 0, 0, '2020-12-29 16:17:25', '2020-12-29 16:17:25'),
(104, 'Moved this task from ToDo to Doing', NULL, '2020-12-29 10:17:30', 47, 1, 27, 0, 0, '2020-12-29 16:17:30', '2020-12-29 16:17:30'),
(105, 'Moved this task from ToDo to Doing', NULL, '2020-12-29 10:17:37', 46, 1, 27, 0, 0, '2020-12-29 16:17:37', '2020-12-29 16:17:37'),
(106, 'Added this task to ToDo', NULL, '2020-12-29 10:17:49', 51, 1, 27, 0, 0, '2020-12-29 16:17:50', '2020-12-29 16:17:50'),
(107, 'Added this task to ToDo', NULL, '2020-12-29 10:18:09', 52, 1, 27, 0, 0, '2020-12-29 16:18:09', '2020-12-29 16:18:09'),
(108, 'Moved this task from ToDo to Doing', NULL, '2020-12-29 10:18:15', 51, 1, 27, 0, 0, '2020-12-29 16:18:15', '2020-12-29 16:18:15'),
(109, 'Moved this task from ToDo to Doing', NULL, '2020-12-29 10:18:23', 52, 1, 27, 0, 0, '2020-12-29 16:18:23', '2020-12-29 16:18:23'),
(110, 'Moved this task from Doing to Done', NULL, '2020-12-29 10:18:29', 47, 1, 27, 0, 0, '2020-12-29 16:18:29', '2020-12-29 16:18:29'),
(111, 'Moved this task from Doing to Done', NULL, '2020-12-29 10:18:36', 51, 1, 27, 0, 0, '2020-12-29 16:18:36', '2020-12-29 16:18:36'),
(112, 'This task is complete in Done', NULL, '2020-12-29 10:18:42', 47, 1, 27, 0, 0, '2020-12-29 16:18:42', '2020-12-29 16:18:42'),
(113, 'This task is complete in Done', NULL, '2020-12-29 10:18:48', 51, 1, 27, 0, 0, '2020-12-29 16:18:48', '2020-12-29 16:18:48'),
(114, 'Added this task to ToDO', NULL, '2020-12-29 10:20:16', 53, 1, 26, 0, 0, '2020-12-29 16:20:16', '2020-12-29 16:20:16'),
(115, 'Added this task to ToDO', NULL, '2020-12-29 10:20:24', 54, 1, 26, 0, 0, '2020-12-29 16:20:24', '2020-12-29 16:20:24'),
(116, 'Added this task to ToDO', NULL, '2020-12-29 10:20:35', 55, 1, 26, 0, 0, '2020-12-29 16:20:35', '2020-12-29 16:20:35'),
(117, 'Added this task to ToDO', NULL, '2020-12-29 10:21:32', 56, 1, 26, 0, 0, '2020-12-29 16:21:32', '2020-12-29 16:21:32'),
(118, 'Moved this task from ToDO to Doing', NULL, '2020-12-29 10:21:46', 53, 1, 26, 0, 0, '2020-12-29 16:21:46', '2020-12-29 16:21:46'),
(119, 'Added this task to ToDo', NULL, '2020-12-29 10:22:05', 57, 1, 26, 0, 0, '2020-12-29 16:22:05', '2020-12-29 16:22:05'),
(120, 'Moved this task from ToDo to Doing', NULL, '2020-12-29 10:22:10', 56, 1, 26, 0, 0, '2020-12-29 16:22:10', '2020-12-29 16:22:10'),
(121, 'Moved this task from Doing to Done', NULL, '2020-12-29 10:22:18', 53, 1, 26, 0, 0, '2020-12-29 16:22:18', '2020-12-29 16:22:18'),
(122, 'This task is complete in Done', NULL, '2020-12-29 10:22:23', 53, 1, 26, 0, 0, '2020-12-29 16:22:23', '2020-12-29 16:22:23'),
(123, 'Added this task to ToDo', NULL, '2020-12-29 10:25:00', 58, 1, 25, 0, 0, '2020-12-29 16:25:00', '2020-12-29 16:25:00'),
(124, 'Added this task to ToDo', NULL, '2020-12-29 10:25:19', 59, 1, 25, 0, 0, '2020-12-29 16:25:19', '2020-12-29 16:25:19'),
(125, 'Added this task to ToDo', NULL, '2020-12-29 10:25:25', 60, 1, 25, 0, 0, '2020-12-29 16:25:26', '2020-12-29 16:25:26'),
(126, 'Added this task to ToDo', NULL, '2020-12-29 10:25:31', 61, 1, 25, 0, 0, '2020-12-29 16:25:31', '2020-12-29 16:25:31'),
(127, 'Moved this task from ToDo to Doing', NULL, '2020-12-29 10:25:39', 60, 1, 25, 0, 0, '2020-12-29 16:25:39', '2020-12-29 16:25:39'),
(128, 'Added this task to ToDo', NULL, '2020-12-29 10:25:46', 62, 1, 25, 0, 0, '2020-12-29 16:25:46', '2020-12-29 16:25:46'),
(129, 'Added this task to ToDo', NULL, '2020-12-29 10:25:54', 63, 1, 25, 0, 0, '2020-12-29 16:25:54', '2020-12-29 16:25:54'),
(130, 'Moved this task from ToDo to Doing', NULL, '2020-12-29 10:25:59', 61, 1, 25, 0, 0, '2020-12-29 16:25:59', '2020-12-29 16:25:59'),
(131, 'Moved this task from ToDo to Doing', NULL, '2020-12-29 10:26:05', 59, 1, 25, 0, 0, '2020-12-29 16:26:05', '2020-12-29 16:26:05'),
(132, 'Moved this task from Doing to Done', NULL, '2020-12-29 10:26:13', 59, 1, 25, 0, 0, '2020-12-29 16:26:13', '2020-12-29 16:26:13'),
(133, 'This task is complete in Done', NULL, '2020-12-29 10:26:18', 59, 1, 25, 0, 0, '2020-12-29 16:26:18', '2020-12-29 16:26:18'),
(134, 'Added this task to ToDo', NULL, '2020-12-29 10:27:50', 64, 1, 24, 0, 0, '2020-12-29 16:27:50', '2020-12-29 16:27:50'),
(135, 'Added this task to ToDo', NULL, '2020-12-29 10:28:03', 65, 1, 24, 0, 0, '2020-12-29 16:28:03', '2020-12-29 16:28:03'),
(136, 'Added this task to ToDo', NULL, '2020-12-29 10:28:17', 66, 1, 24, 0, 0, '2020-12-29 16:28:17', '2020-12-29 16:28:17'),
(137, 'Added this task to ToDo', NULL, '2020-12-29 10:28:29', 67, 1, 24, 0, 0, '2020-12-29 16:28:29', '2020-12-29 16:28:29'),
(138, 'Added this task to ToDo', NULL, '2020-12-29 10:28:44', 68, 1, 24, 0, 0, '2020-12-29 16:28:44', '2020-12-29 16:28:44'),
(139, 'Moved this task from ToDo to Doing', NULL, '2020-12-29 10:28:49', 65, 1, 24, 0, 0, '2020-12-29 16:28:49', '2020-12-29 16:28:49'),
(140, 'Moved this task from ToDo to Doing', NULL, '2020-12-29 10:28:54', 67, 1, 24, 0, 0, '2020-12-29 16:28:54', '2020-12-29 16:28:54'),
(141, 'Moved this task from ToDo to Doing', NULL, '2020-12-29 10:28:55', 67, 1, 24, 0, 0, '2020-12-29 16:28:55', '2020-12-29 16:28:55'),
(142, 'Added this task to ToDo', NULL, '2020-12-29 10:29:06', 69, 1, 24, 0, 0, '2020-12-29 16:29:06', '2020-12-29 16:29:06'),
(143, 'Moved this task from ToDo to Doing', NULL, '2020-12-29 10:29:11', 68, 1, 24, 0, 0, '2020-12-29 16:29:11', '2020-12-29 16:29:11'),
(144, 'Moved this task from Doing to Done', NULL, '2020-12-29 10:29:16', 65, 1, 24, 0, 0, '2020-12-29 16:29:16', '2020-12-29 16:29:16'),
(145, 'This task is complete in Done', NULL, '2020-12-29 10:29:21', 65, 1, 24, 0, 0, '2020-12-29 16:29:21', '2020-12-29 16:29:21'),
(146, 'Added this task to ToDo', NULL, '2020-12-29 10:31:10', 70, 1, 23, 0, 0, '2020-12-29 16:31:10', '2020-12-29 16:31:10'),
(147, 'Added this task to ToDo', NULL, '2020-12-29 10:31:22', 71, 1, 23, 0, 0, '2020-12-29 16:31:22', '2020-12-29 16:31:22'),
(148, 'Added this task to ToDo', NULL, '2020-12-29 10:31:36', 72, 1, 23, 0, 0, '2020-12-29 16:31:36', '2020-12-29 16:31:36'),
(149, 'Added this task to ToDo', NULL, '2020-12-29 10:31:44', 73, 1, 23, 0, 0, '2020-12-29 16:31:44', '2020-12-29 16:31:44'),
(150, 'Added this task to ToDo', NULL, '2020-12-29 10:31:51', 74, 1, 23, 0, 0, '2020-12-29 16:31:51', '2020-12-29 16:31:51'),
(151, 'Moved this task from ToDo to Doing', NULL, '2020-12-29 10:31:56', 72, 1, 23, 0, 0, '2020-12-29 16:31:56', '2020-12-29 16:31:56'),
(152, 'Moved this task from ToDo to Doing', NULL, '2020-12-29 10:32:01', 74, 1, 23, 0, 0, '2020-12-29 16:32:02', '2020-12-29 16:32:02'),
(153, 'Moved this task from ToDo to Doing', NULL, '2020-12-29 10:32:10', 73, 1, 23, 0, 0, '2020-12-29 16:32:10', '2020-12-29 16:32:10'),
(154, 'Added this task to ToDo', NULL, '2020-12-29 10:32:20', 75, 1, 23, 0, 0, '2020-12-29 16:32:20', '2020-12-29 16:32:20'),
(155, 'Added this task to ToDo', NULL, '2020-12-29 10:32:30', 76, 1, 23, 0, 0, '2020-12-29 16:32:30', '2020-12-29 16:32:30'),
(156, 'Moved this task from ToDo to Doing', NULL, '2020-12-29 10:32:35', 75, 1, 23, 0, 0, '2020-12-29 16:32:35', '2020-12-29 16:32:35'),
(157, 'Moved this task from Doing to Done', NULL, '2020-12-29 10:32:44', 74, 1, 23, 0, 0, '2020-12-29 16:32:44', '2020-12-29 16:32:44'),
(158, 'This task is complete in Done', NULL, '2020-12-29 10:32:50', 74, 1, 23, 0, 0, '2020-12-29 16:32:50', '2020-12-29 16:32:50'),
(159, 'Added this task to ToDo', NULL, '2020-12-29 10:34:18', 77, 1, 22, 0, 0, '2020-12-29 16:34:19', '2020-12-29 16:34:19'),
(160, 'Added this task to ToDo', NULL, '2020-12-29 10:34:30', 78, 1, 22, 0, 0, '2020-12-29 16:34:30', '2020-12-29 16:34:30'),
(161, 'Added this task to ToDo', NULL, '2020-12-29 10:34:50', 79, 1, 22, 0, 0, '2020-12-29 16:34:50', '2020-12-29 16:34:50'),
(162, 'Moved this task from ToDo to Doing', NULL, '2020-12-29 10:34:56', 77, 1, 22, 0, 0, '2020-12-29 16:34:56', '2020-12-29 16:34:56'),
(163, 'Moved this task from ToDo to Doing', NULL, '2020-12-29 10:35:02', 78, 1, 22, 0, 0, '2020-12-29 16:35:02', '2020-12-29 16:35:02'),
(164, 'Added this task to ToDo', NULL, '2020-12-29 10:35:24', 80, 1, 22, 0, 0, '2020-12-29 16:35:24', '2020-12-29 16:35:24'),
(165, 'Added this task to ToDo', NULL, '2020-12-29 10:35:56', 81, 1, 22, 0, 0, '2020-12-29 16:35:56', '2020-12-29 16:35:56'),
(166, 'Moved this task from ToDo to Doing', NULL, '2020-12-29 10:36:03', 79, 1, 22, 0, 0, '2020-12-29 16:36:03', '2020-12-29 16:36:03'),
(167, 'Moved this task from Doing to Done', NULL, '2020-12-29 10:36:09', 78, 1, 22, 0, 0, '2020-12-29 16:36:09', '2020-12-29 16:36:09'),
(168, 'This task is complete in Done', NULL, '2020-12-29 10:36:14', 78, 1, 22, 0, 0, '2020-12-29 16:36:15', '2020-12-29 16:36:15'),
(169, 'Added this task to ToDo', NULL, '2020-12-29 10:39:27', 82, 1, 21, 0, 0, '2020-12-29 16:39:27', '2020-12-29 16:39:27'),
(170, 'Added this task to ToDo', NULL, '2020-12-29 10:39:39', 83, 1, 21, 0, 0, '2020-12-29 16:39:39', '2020-12-29 16:39:39'),
(171, 'Added this task to ToDo', NULL, '2020-12-29 10:39:53', 84, 1, 21, 0, 0, '2020-12-29 16:39:53', '2020-12-29 16:39:53'),
(172, 'Added this task to ToDo', NULL, '2020-12-29 10:40:13', 85, 1, 21, 0, 0, '2020-12-29 16:40:13', '2020-12-29 16:40:13'),
(173, 'Moved this task from ToDo to Doing', NULL, '2020-12-29 10:40:19', 83, 1, 21, 0, 0, '2020-12-29 16:40:19', '2020-12-29 16:40:19'),
(174, 'Moved this task from ToDo to Doing', NULL, '2020-12-29 10:40:24', 85, 1, 21, 0, 0, '2020-12-29 16:40:24', '2020-12-29 16:40:24'),
(175, 'Added this task to ToDo', NULL, '2020-12-29 10:40:36', 86, 1, 21, 0, 0, '2020-12-29 16:40:36', '2020-12-29 16:40:36'),
(176, 'Added this task to ToDo', NULL, '2020-12-29 10:40:46', 87, 1, 21, 0, 0, '2020-12-29 16:40:46', '2020-12-29 16:40:46'),
(177, 'Moved this task from ToDo to Doing', NULL, '2020-12-29 10:40:52', 87, 1, 21, 0, 0, '2020-12-29 16:40:52', '2020-12-29 16:40:52'),
(178, 'Moved this task from Doing to Done', NULL, '2020-12-29 10:40:57', 85, 1, 21, 0, 0, '2020-12-29 16:40:57', '2020-12-29 16:40:57'),
(179, 'This task is complete in Done', NULL, '2020-12-29 10:41:02', 85, 1, 21, 0, 0, '2020-12-29 16:41:02', '2020-12-29 16:41:02'),
(180, 'Added this task to ToDo', NULL, '2020-12-29 10:43:14', 88, 1, 20, 0, 0, '2020-12-29 16:43:14', '2020-12-29 16:43:14'),
(181, 'Added this task to ToDo', NULL, '2020-12-29 10:43:26', 89, 1, 20, 0, 0, '2020-12-29 16:43:26', '2020-12-29 16:43:26'),
(182, 'Added this task to ToDo', NULL, '2020-12-29 10:43:41', 90, 1, 20, 0, 0, '2020-12-29 16:43:41', '2020-12-29 16:43:41'),
(183, 'Added this task to ToDo', NULL, '2020-12-29 10:43:57', 91, 1, 20, 0, 0, '2020-12-29 16:43:57', '2020-12-29 16:43:57'),
(184, 'Moved this task from ToDo to Doing', NULL, '2020-12-29 10:44:04', 90, 1, 20, 0, 0, '2020-12-29 16:44:04', '2020-12-29 16:44:04'),
(185, 'Added this task to ToDo', NULL, '2020-12-29 10:44:24', 92, 1, 20, 0, 0, '2020-12-29 16:44:24', '2020-12-29 16:44:24'),
(186, 'Added this task to ToDo', NULL, '2020-12-29 10:44:36', 93, 1, 20, 0, 0, '2020-12-29 16:44:37', '2020-12-29 16:44:37'),
(187, 'Moved this task from ToDo to Doing', NULL, '2020-12-29 10:44:45', 91, 1, 20, 0, 0, '2020-12-29 16:44:45', '2020-12-29 16:44:45'),
(188, 'Moved this task from ToDo to Doing', NULL, '2020-12-29 10:45:00', 93, 1, 20, 0, 0, '2020-12-29 16:45:00', '2020-12-29 16:45:00'),
(189, 'Moved this task from Doing to Done', NULL, '2020-12-29 10:45:17', 90, 1, 20, 0, 0, '2020-12-29 16:45:17', '2020-12-29 16:45:17'),
(190, 'This task is complete in Done', NULL, '2020-12-29 10:45:23', 90, 1, 20, 0, 0, '2020-12-29 16:45:23', '2020-12-29 16:45:23'),
(191, 'Added this task to ToDo', NULL, '2020-12-29 10:48:53', 94, 1, 19, 0, 0, '2020-12-29 16:48:53', '2020-12-29 16:48:53'),
(192, 'Added this task to ToDo', NULL, '2020-12-29 10:49:04', 95, 1, 19, 0, 0, '2020-12-29 16:49:05', '2020-12-29 16:49:05'),
(193, 'Added this task to ToDo', NULL, '2020-12-29 10:49:14', 96, 1, 19, 0, 0, '2020-12-29 16:49:14', '2020-12-29 16:49:14'),
(194, 'Added this task to ToDo', NULL, '2020-12-29 10:49:27', 97, 1, 19, 0, 0, '2020-12-29 16:49:27', '2020-12-29 16:49:27'),
(195, 'Moved this task from ToDo to Doing', NULL, '2020-12-29 10:49:32', 94, 1, 19, 0, 0, '2020-12-29 16:49:32', '2020-12-29 16:49:32'),
(196, 'Moved this task from ToDo to Doing', NULL, '2020-12-29 10:49:38', 95, 1, 19, 0, 0, '2020-12-29 16:49:38', '2020-12-29 16:49:38'),
(197, 'Added this task to ToDo', NULL, '2020-12-29 10:49:49', 98, 1, 19, 0, 0, '2020-12-29 16:49:49', '2020-12-29 16:49:49'),
(198, 'Moved this task from ToDo to Doing', NULL, '2020-12-29 10:49:55', 98, 1, 19, 0, 0, '2020-12-29 16:49:55', '2020-12-29 16:49:55'),
(199, 'Added this task to ToDo', NULL, '2020-12-29 10:50:07', 99, 1, 19, 0, 0, '2020-12-29 16:50:07', '2020-12-29 16:50:07'),
(200, 'Moved this task from Doing to Done', NULL, '2020-12-29 10:50:13', 94, 1, 19, 0, 0, '2020-12-29 16:50:13', '2020-12-29 16:50:13'),
(201, 'Added this task to ToDo', NULL, '2020-12-29 10:50:23', 100, 1, 19, 0, 0, '2020-12-29 16:50:23', '2020-12-29 16:50:23'),
(202, 'This task is complete in Done', NULL, '2020-12-29 10:51:10', 94, 1, 19, 0, 0, '2020-12-29 16:51:10', '2020-12-29 16:51:10'),
(203, 'Moved this task from Doing to Done', NULL, '2020-12-29 11:59:40', 79, 1, 22, 0, 0, '2020-12-29 17:59:40', '2020-12-29 17:59:40'),
(204, 'This task is complete in Done', NULL, '2020-12-29 11:59:45', 79, 1, 22, 0, 0, '2020-12-29 17:59:45', '2020-12-29 17:59:45'),
(205, 'Moved this task from Doing to Done', NULL, '2020-12-29 11:59:55', 83, 1, 21, 0, 0, '2020-12-29 17:59:55', '2020-12-29 17:59:55'),
(206, 'This task is complete in Done', NULL, '2020-12-29 11:59:59', 83, 1, 21, 0, 0, '2020-12-29 17:59:59', '2020-12-29 17:59:59'),
(207, 'Moved this task from Doing to Done', NULL, '2020-12-30 12:00:30', 72, 1, 23, 0, 0, '2020-12-29 18:00:30', '2020-12-29 18:00:30'),
(208, 'This task is complete in Done', NULL, '2020-12-30 12:00:35', 72, 1, 23, 0, 0, '2020-12-29 18:00:35', '2020-12-29 18:00:35');

-- --------------------------------------------------------

--
-- Table structure for table `countries`
--

CREATE TABLE `countries` (
  `id` bigint(20) UNSIGNED NOT NULL,
  `country_name` varchar(100) COLLATE utf8mb4_unicode_ci DEFAULT NULL,
  `created_at` timestamp NULL DEFAULT NULL,
  `updated_at` timestamp NULL DEFAULT NULL
) ENGINE=InnoDB DEFAULT CHARSET=utf8mb4 COLLATE=utf8mb4_unicode_ci;

--
-- Dumping data for table `countries`
--

INSERT INTO `countries` (`id`, `country_name`, `created_at`, `updated_at`) VALUES
(1, 'Afghanistan', '2020-09-18 12:00:00', '2020-09-18 12:00:00'),
(2, 'Aland Islands', '2020-09-18 12:00:00', '2020-09-18 12:00:00'),
(3, 'Albania', '2020-09-18 12:00:00', '2020-09-18 12:00:00'),
(4, 'Algeria', '2020-09-18 12:00:00', '2020-09-18 12:00:00'),
(5, 'American Samoa', '2020-09-18 12:00:00', '2020-09-18 12:00:00'),
(6, 'Andorra', '2020-09-18 12:00:00', '2020-09-18 12:00:00'),
(7, 'Angola', '2020-09-18 12:00:00', '2020-09-18 12:00:00'),
(8, 'Anguilla', '2020-09-18 12:00:00', '2020-09-18 12:00:00'),
(9, 'Antarctica', '2020-09-18 12:00:00', '2020-09-18 12:00:00'),
(10, 'Antigua and Barbuda', '2020-09-18 12:00:00', '2020-09-18 12:00:00'),
(11, 'Argentina', '2020-09-18 12:00:00', '2020-09-18 12:00:00'),
(12, 'Armenia', '2020-09-18 12:00:00', '2020-09-18 12:00:00'),
(13, 'Aruba', '2020-09-18 12:00:00', '2020-09-18 12:00:00'),
(14, 'Asia / Pacific Region', '2020-09-18 12:00:00', '2020-09-18 12:00:00'),
(15, 'Australia', '2020-09-18 12:00:00', '2020-09-18 12:00:00'),
(16, 'Austria', '2020-09-18 12:00:00', '2020-09-18 12:00:00'),
(17, 'Azerbaijan', '2020-09-18 12:00:00', '2020-09-18 12:00:00'),
(18, 'Bahamas', '2020-09-18 12:00:00', '2020-09-18 12:00:00'),
(19, 'Bahrain', '2020-09-18 12:00:00', '2020-09-18 12:00:00'),
(20, 'Bangladesh', '2020-09-18 12:00:00', '2020-09-18 12:00:00'),
(21, 'Barbados', '2020-09-18 12:00:00', '2020-09-18 12:00:00'),
(22, 'Belarus', '2020-09-18 12:00:00', '2020-09-18 12:00:00'),
(23, 'Belgium', '2020-09-18 12:00:00', '2020-09-18 12:00:00'),
(24, 'Belize', '2020-09-18 12:00:00', '2020-09-18 12:00:00'),
(25, 'Benin', '2020-09-18 12:00:00', '2020-09-18 12:00:00'),
(26, 'Bermuda', '2020-09-18 12:00:00', '2020-09-18 12:00:00'),
(27, 'Bhutan', '2020-09-18 12:00:00', '2020-09-18 12:00:00'),
(28, 'Bolivia', '2020-09-18 12:00:00', '2020-09-18 12:00:00'),
(29, 'Bonaire, Sint Eustatius and Saba', '2020-09-18 12:00:00', '2020-09-18 12:00:00'),
(30, 'Bosnia and Herzegovina', '2020-09-18 12:00:00', '2020-09-18 12:00:00'),
(31, 'Botswana', '2020-09-18 12:00:00', '2020-09-18 12:00:00'),
(32, 'Bouvet Island', '2020-09-18 12:00:00', '2020-09-18 12:00:00'),
(33, 'Brazil', '2020-09-18 12:00:00', '2020-09-18 12:00:00'),
(34, 'British Indian Ocean Territory', '2020-09-18 12:00:00', '2020-09-18 12:00:00'),
(35, 'Brunei Darussalam', '2020-09-18 12:00:00', '2020-09-18 12:00:00'),
(36, 'Bulgaria', '2020-09-18 12:00:00', '2020-09-18 12:00:00'),
(37, 'Burkina Faso', '2020-09-18 12:00:00', '2020-09-18 12:00:00'),
(38, 'Burundi', '2020-09-18 12:00:00', '2020-09-18 12:00:00'),
(39, 'Cambodia', '2020-09-18 12:00:00', '2020-09-18 12:00:00'),
(40, 'Cameroon', '2020-09-18 12:00:00', '2020-09-18 12:00:00'),
(41, 'Canada', '2020-09-18 12:00:00', '2020-09-18 12:00:00'),
(42, 'Cape Verde', '2020-09-18 12:00:00', '2020-09-18 12:00:00'),
(43, 'Cayman Islands', '2020-09-18 12:00:00', '2020-09-18 12:00:00'),
(44, 'Central African Republic', '2020-09-18 12:00:00', '2020-09-18 12:00:00'),
(45, 'Chad', '2020-09-18 12:00:00', '2020-09-18 12:00:00'),
(46, 'Chile', '2020-09-18 12:00:00', '2020-09-18 12:00:00'),
(47, 'China', '2020-09-18 12:00:00', '2020-09-18 12:00:00'),
(48, 'Christmas Island', '2020-09-18 12:00:00', '2020-09-18 12:00:00'),
(49, 'Cocos (Keeling) Islands', '2020-09-18 12:00:00', '2020-09-18 12:00:00'),
(50, 'Colombia', '2020-09-18 12:00:00', '2020-09-18 12:00:00'),
(51, 'Comoros', '2020-09-18 12:00:00', '2020-09-18 12:00:00'),
(52, 'Congo', '2020-09-18 12:00:00', '2020-09-18 12:00:00'),
(53, 'Congo, the Democratic Republic of the', '2020-09-18 12:00:00', '2020-09-18 12:00:00'),
(54, 'Cook Islands', '2020-09-18 12:00:00', '2020-09-18 12:00:00'),
(55, 'Costa Rica', '2020-09-18 12:00:00', '2020-09-18 12:00:00'),
(56, 'Cote D\'Ivoire', '2020-09-18 12:00:00', '2020-09-18 12:00:00'),
(57, 'Croatia', '2020-09-18 12:00:00', '2020-09-18 12:00:00'),
(58, 'Cuba', '2020-09-18 12:00:00', '2020-09-18 12:00:00'),
(59, 'Curacao', '2020-09-18 12:00:00', '2020-09-18 12:00:00'),
(60, 'Cyprus', '2020-09-18 12:00:00', '2020-09-18 12:00:00'),
(61, 'Czech Republic', '2020-09-18 12:00:00', '2020-09-18 12:00:00'),
(62, 'Denmark', '2020-09-18 12:00:00', '2020-09-18 12:00:00'),
(63, 'Djibouti', '2020-09-18 12:00:00', '2020-09-18 12:00:00'),
(64, 'Dominica', '2020-09-18 12:00:00', '2020-09-18 12:00:00'),
(65, 'Dominican Republic', '2020-09-18 12:00:00', '2020-09-18 12:00:00'),
(66, 'Ecuador', '2020-09-18 12:00:00', '2020-09-18 12:00:00'),
(67, 'Egypt', '2020-09-18 12:00:00', '2020-09-18 12:00:00'),
(68, 'El Salvador', '2020-09-18 12:00:00', '2020-09-18 12:00:00'),
(69, 'Equatorial Guinea', '2020-09-18 12:00:00', '2020-09-18 12:00:00'),
(70, 'Eritrea', '2020-09-18 12:00:00', '2020-09-18 12:00:00'),
(71, 'Estonia', '2020-09-18 12:00:00', '2020-09-18 12:00:00'),
(72, 'Ethiopia', '2020-09-18 12:00:00', '2020-09-18 12:00:00'),
(73, 'Falkland Islands (Malvinas)', '2020-09-18 12:00:00', '2020-09-18 12:00:00'),
(74, 'Faroe Islands', '2020-09-18 12:00:00', '2020-09-18 12:00:00'),
(75, 'Fiji', '2020-09-18 12:00:00', '2020-09-18 12:00:00'),
(76, 'Finland', '2020-09-18 12:00:00', '2020-09-18 12:00:00'),
(77, 'France', '2020-09-18 12:00:00', '2020-09-18 12:00:00'),
(78, 'French Guiana', '2020-09-18 12:00:00', '2020-09-18 12:00:00'),
(79, 'French Polynesia', '2020-09-18 12:00:00', '2020-09-18 12:00:00'),
(80, 'French Southern Territories', '2020-09-18 12:00:00', '2020-09-18 12:00:00'),
(81, 'Gabon', '2020-09-18 12:00:00', '2020-09-18 12:00:00'),
(82, 'Gambia', '2020-09-18 12:00:00', '2020-09-18 12:00:00'),
(83, 'Georgia', '2020-09-18 12:00:00', '2020-09-18 12:00:00'),
(84, 'Germany', '2020-09-18 12:00:00', '2020-09-18 12:00:00'),
(85, 'Ghana', '2020-09-18 12:00:00', '2020-09-18 12:00:00'),
(86, 'Gibraltar', '2020-09-18 12:00:00', '2020-09-18 12:00:00'),
(87, 'Greece', '2020-09-18 12:00:00', '2020-09-18 12:00:00'),
(88, 'Greenland', '2020-09-18 12:00:00', '2020-09-18 12:00:00'),
(89, 'Grenada', '2020-09-18 12:00:00', '2020-09-18 12:00:00'),
(90, 'Guadeloupe', '2020-09-18 12:00:00', '2020-09-18 12:00:00'),
(91, 'Guam', '2020-09-18 12:00:00', '2020-09-18 12:00:00'),
(92, 'Guatemala', '2020-09-18 12:00:00', '2020-09-18 12:00:00'),
(93, 'Guernsey', '2020-09-18 12:00:00', '2020-09-18 12:00:00'),
(94, 'Guinea', '2020-09-18 12:00:00', '2020-09-18 12:00:00'),
(95, 'Guinea-Bissau', '2020-09-18 12:00:00', '2020-09-18 12:00:00'),
(96, 'Guyana', '2020-09-18 12:00:00', '2020-09-18 12:00:00'),
(97, 'Haiti', '2020-09-18 12:00:00', '2020-09-18 12:00:00'),
(98, 'Heard Island and Mcdonald Islands', '2020-09-18 12:00:00', '2020-09-18 12:00:00'),
(99, 'Holy See (Vatican City State)', '2020-09-18 12:00:00', '2020-09-18 12:00:00'),
(100, 'Honduras', '2020-09-18 12:00:00', '2020-09-18 12:00:00'),
(101, 'Hong Kong', '2020-09-18 12:00:00', '2020-09-18 12:00:00'),
(102, 'Hungary', '2020-09-18 12:00:00', '2020-09-18 12:00:00'),
(103, 'Iceland', '2020-09-18 12:00:00', '2020-09-18 12:00:00'),
(104, 'India', '2020-09-18 12:00:00', '2020-09-18 12:00:00'),
(105, 'Indonesia', '2020-09-18 12:00:00', '2020-09-18 12:00:00'),
(106, 'Iran, Islamic Republic of', '2020-09-18 12:00:00', '2020-09-18 12:00:00'),
(107, 'Iraq', '2020-09-18 12:00:00', '2020-09-18 12:00:00'),
(108, 'Ireland', '2020-09-18 12:00:00', '2020-09-18 12:00:00'),
(109, 'Isle of Man', '2020-09-18 12:00:00', '2020-09-18 12:00:00'),
(110, 'Israel', '2020-09-18 12:00:00', '2020-09-18 12:00:00'),
(111, 'Italy', '2020-09-18 12:00:00', '2020-09-18 12:00:00'),
(112, 'Jamaica', '2020-09-18 12:00:00', '2020-09-18 12:00:00'),
(113, 'Japan', '2020-09-18 12:00:00', '2020-09-18 12:00:00'),
(114, 'Jersey', '2020-09-18 12:00:00', '2020-09-18 12:00:00'),
(115, 'Jordan', '2020-09-18 12:00:00', '2020-09-18 12:00:00'),
(116, 'Kazakhstan', '2020-09-18 12:00:00', '2020-09-18 12:00:00'),
(117, 'Kenya', '2020-09-18 12:00:00', '2020-09-18 12:00:00'),
(118, 'Kiribati', '2020-09-18 12:00:00', '2020-09-18 12:00:00'),
(119, 'Korea, Democratic People\'s Republic of', '2020-09-18 12:00:00', '2020-09-18 12:00:00'),
(120, 'Korea, Republic of', '2020-09-18 12:00:00', '2020-09-18 12:00:00'),
(121, 'Kosovo', '2020-09-18 12:00:00', '2020-09-18 12:00:00'),
(122, 'Kuwait', '2020-09-18 12:00:00', '2020-09-18 12:00:00'),
(123, 'Kyrgyzstan', '2020-09-18 12:00:00', '2020-09-18 12:00:00'),
(124, 'Lao People\'s Democratic Republic', '2020-09-18 12:00:00', '2020-09-18 12:00:00'),
(125, 'Latvia', '2020-09-18 12:00:00', '2020-09-18 12:00:00'),
(126, 'Lebanon', '2020-09-18 12:00:00', '2020-09-18 12:00:00'),
(127, 'Lesotho', '2020-09-18 12:00:00', '2020-09-18 12:00:00'),
(128, 'Liberia', '2020-09-18 12:00:00', '2020-09-18 12:00:00'),
(129, 'Libyan Arab Jamahiriya', '2020-09-18 12:00:00', '2020-09-18 12:00:00'),
(130, 'Liechtenstein', '2020-09-18 12:00:00', '2020-09-18 12:00:00'),
(131, 'Lithuania', '2020-09-18 12:00:00', '2020-09-18 12:00:00'),
(132, 'Luxembourg', '2020-09-18 12:00:00', '2020-09-18 12:00:00'),
(133, 'Macao', '2020-09-18 12:00:00', '2020-09-18 12:00:00'),
(134, 'Macedonia, the Former Yugoslav Republic of', '2020-09-18 12:00:00', '2020-09-18 12:00:00'),
(135, 'Madagascar', '2020-09-18 12:00:00', '2020-09-18 12:00:00'),
(136, 'Malawi', '2020-09-18 12:00:00', '2020-09-18 12:00:00'),
(137, 'Malaysia', '2020-09-18 12:00:00', '2020-09-18 12:00:00'),
(138, 'Maldives', '2020-09-18 12:00:00', '2020-09-18 12:00:00'),
(139, 'Mali', '2020-09-18 12:00:00', '2020-09-18 12:00:00'),
(140, 'Malta', '2020-09-18 12:00:00', '2020-09-18 12:00:00'),
(141, 'Marshall Islands', '2020-09-18 12:00:00', '2020-09-18 12:00:00'),
(142, 'Martinique', '2020-09-18 12:00:00', '2020-09-18 12:00:00'),
(143, 'Mauritania', '2020-09-18 12:00:00', '2020-09-18 12:00:00'),
(144, 'Mauritius', '2020-09-18 12:00:00', '2020-09-18 12:00:00'),
(145, 'Mayotte', '2020-09-18 12:00:00', '2020-09-18 12:00:00'),
(146, 'Mexico', '2020-09-18 12:00:00', '2020-09-18 12:00:00'),
(147, 'Micronesia, Federated States of', '2020-09-18 12:00:00', '2020-09-18 12:00:00'),
(148, 'Moldova, Republic of', '2020-09-18 12:00:00', '2020-09-18 12:00:00'),
(149, 'Monaco', '2020-09-18 12:00:00', '2020-09-18 12:00:00'),
(150, 'Mongolia', '2020-09-18 12:00:00', '2020-09-18 12:00:00'),
(151, 'Montenegro', '2020-09-18 12:00:00', '2020-09-18 12:00:00'),
(152, 'Montserrat', '2020-09-18 12:00:00', '2020-09-18 12:00:00'),
(153, 'Morocco', '2020-09-18 12:00:00', '2020-09-18 12:00:00'),
(154, 'Mozambique', '2020-09-18 12:00:00', '2020-09-18 12:00:00'),
(155, 'Myanmar', '2020-09-18 12:00:00', '2020-09-18 12:00:00'),
(156, 'Namibia', '2020-09-18 12:00:00', '2020-09-18 12:00:00'),
(157, 'Nauru', '2020-09-18 12:00:00', '2020-09-18 12:00:00'),
(158, 'Nepal', '2020-09-18 12:00:00', '2020-09-18 12:00:00'),
(159, 'Netherlands', '2020-09-18 12:00:00', '2020-09-18 12:00:00'),
(160, 'Netherlands Antilles', '2020-09-18 12:00:00', '2020-09-18 12:00:00'),
(161, 'New Caledonia', '2020-09-18 12:00:00', '2020-09-18 12:00:00'),
(162, 'New Zealand', '2020-09-18 12:00:00', '2020-09-18 12:00:00'),
(163, 'Nicaragua', '2020-09-18 12:00:00', '2020-09-18 12:00:00'),
(164, 'Niger', '2020-09-18 12:00:00', '2020-09-18 12:00:00'),
(165, 'Nigeria', '2020-09-18 12:00:00', '2020-09-18 12:00:00'),
(166, 'Niue', '2020-09-18 12:00:00', '2020-09-18 12:00:00'),
(167, 'Norfolk Island', '2020-09-18 12:00:00', '2020-09-18 12:00:00'),
(168, 'Northern Mariana Islands', '2020-09-18 12:00:00', '2020-09-18 12:00:00'),
(169, 'Norway', '2020-09-18 12:00:00', '2020-09-18 12:00:00'),
(170, 'Oman', '2020-09-18 12:00:00', '2020-09-18 12:00:00'),
(171, 'Pakistan', '2020-09-18 12:00:00', '2020-09-18 12:00:00'),
(172, 'Palau', '2020-09-18 12:00:00', '2020-09-18 12:00:00'),
(173, 'Palestinian Territory, Occupied', '2020-09-18 12:00:00', '2020-09-18 12:00:00'),
(174, 'Panama', '2020-09-18 12:00:00', '2020-09-18 12:00:00'),
(175, 'Papua New Guinea', '2020-09-18 12:00:00', '2020-09-18 12:00:00'),
(176, 'Paraguay', '2020-09-18 12:00:00', '2020-09-18 12:00:00'),
(177, 'Peru', '2020-09-18 12:00:00', '2020-09-18 12:00:00'),
(178, 'Philippines', '2020-09-18 12:00:00', '2020-09-18 12:00:00'),
(179, 'Pitcairn', '2020-09-18 12:00:00', '2020-09-18 12:00:00'),
(180, 'Poland', '2020-09-18 12:00:00', '2020-09-18 12:00:00'),
(181, 'Portugal', '2020-09-18 12:00:00', '2020-09-18 12:00:00'),
(182, 'Puerto Rico', '2020-09-18 12:00:00', '2020-09-18 12:00:00'),
(183, 'Qatar', '2020-09-18 12:00:00', '2020-09-18 12:00:00'),
(184, 'Reunion', '2020-09-18 12:00:00', '2020-09-18 12:00:00'),
(185, 'Romania', '2020-09-18 12:00:00', '2020-09-18 12:00:00'),
(186, 'Russian Federation', '2020-09-18 12:00:00', '2020-09-18 12:00:00'),
(187, 'Rwanda', '2020-09-18 12:00:00', '2020-09-18 12:00:00'),
(188, 'Saint Barthelemy', '2020-09-18 12:00:00', '2020-09-18 12:00:00'),
(189, 'Saint Helena', '2020-09-18 12:00:00', '2020-09-18 12:00:00'),
(190, 'Saint Kitts and Nevis', '2020-09-18 12:00:00', '2020-09-18 12:00:00'),
(191, 'Saint Lucia', '2020-09-18 12:00:00', '2020-09-18 12:00:00'),
(192, 'Saint Martin', '2020-09-18 12:00:00', '2020-09-18 12:00:00'),
(193, 'Saint Pierre and Miquelon', '2020-09-18 12:00:00', '2020-09-18 12:00:00'),
(194, 'Saint Vincent and the Grenadines', '2020-09-18 12:00:00', '2020-09-18 12:00:00'),
(195, 'Samoa', '2020-09-18 12:00:00', '2020-09-18 12:00:00'),
(196, 'San Marino', '2020-09-18 12:00:00', '2020-09-18 12:00:00'),
(197, 'Sao Tome and Principe', '2020-09-18 12:00:00', '2020-09-18 12:00:00'),
(198, 'Saudi Arabia', '2020-09-18 12:00:00', '2020-09-18 12:00:00'),
(199, 'Senegal', '2020-09-18 12:00:00', '2020-09-18 12:00:00'),
(200, 'Serbia', '2020-09-18 12:00:00', '2020-09-18 12:00:00'),
(201, 'Serbia and Montenegro', '2020-09-18 12:00:00', '2020-09-18 12:00:00'),
(202, 'Seychelles', '2020-09-18 12:00:00', '2020-09-18 12:00:00'),
(203, 'Sierra Leone', '2020-09-18 12:00:00', '2020-09-18 12:00:00'),
(204, 'Singapore', '2020-09-18 12:00:00', '2020-09-18 12:00:00'),
(205, 'Sint Maarten', '2020-09-18 12:00:00', '2020-09-18 12:00:00'),
(206, 'Slovakia', '2020-09-18 12:00:00', '2020-09-18 12:00:00'),
(207, 'Slovenia', '2020-09-18 12:00:00', '2020-09-18 12:00:00'),
(208, 'Solomon Islands', '2020-09-18 12:00:00', '2020-09-18 12:00:00'),
(209, 'Somalia', '2020-09-18 12:00:00', '2020-09-18 12:00:00'),
(210, 'South Africa', '2020-09-18 12:00:00', '2020-09-18 12:00:00'),
(211, 'South Georgia and the South Sandwich Islands', '2020-09-18 12:00:00', '2020-09-18 12:00:00'),
(212, 'South Sudan', '2020-09-18 12:00:00', '2020-09-18 12:00:00'),
(213, 'Spain', '2020-09-18 12:00:00', '2020-09-18 12:00:00'),
(214, 'Sri Lanka', '2020-09-18 12:00:00', '2020-09-18 12:00:00'),
(215, 'Sudan', '2020-09-18 12:00:00', '2020-09-18 12:00:00'),
(216, 'Suriname', '2020-09-18 12:00:00', '2020-09-18 12:00:00'),
(217, 'Svalbard and Jan Mayen', '2020-09-18 12:00:00', '2020-09-18 12:00:00'),
(218, 'Swaziland', '2020-09-18 12:00:00', '2020-09-18 12:00:00'),
(219, 'Sweden', '2020-09-18 12:00:00', '2020-09-18 12:00:00'),
(220, 'Switzerland', '2020-09-18 12:00:00', '2020-09-18 12:00:00'),
(221, 'Syrian Arab Republic', '2020-09-18 12:00:00', '2020-09-18 12:00:00'),
(222, 'Taiwan, Province of China', '2020-09-18 12:00:00', '2020-09-18 12:00:00'),
(223, 'Tajikistan', '2020-09-18 12:00:00', '2020-09-18 12:00:00'),
(224, 'Tanzania, United Republic of', '2020-09-18 12:00:00', '2020-09-18 12:00:00'),
(225, 'Thailand', '2020-09-18 12:00:00', '2020-09-18 12:00:00'),
(226, 'Timor-Leste', '2020-09-18 12:00:00', '2020-09-18 12:00:00'),
(227, 'Togo', '2020-09-18 12:00:00', '2020-09-18 12:00:00'),
(228, 'Tokelau', '2020-09-18 12:00:00', '2020-09-18 12:00:00'),
(229, 'Tonga', '2020-09-18 12:00:00', '2020-09-18 12:00:00'),
(230, 'Trinidad and Tobago', '2020-09-18 12:00:00', '2020-09-18 12:00:00'),
(231, 'Tunisia', '2020-09-18 12:00:00', '2020-09-18 12:00:00'),
(232, 'Turkey', '2020-09-18 12:00:00', '2020-09-18 12:00:00'),
(233, 'Turkmenistan', '2020-09-18 12:00:00', '2020-09-18 12:00:00'),
(234, 'Turks and Caicos Islands', '2020-09-18 12:00:00', '2020-09-18 12:00:00'),
(235, 'Tuvalu', '2020-09-18 12:00:00', '2020-09-18 12:00:00'),
(236, 'Uganda', '2020-09-18 12:00:00', '2020-09-18 12:00:00'),
(237, 'Ukraine', '2020-09-18 12:00:00', '2020-09-18 12:00:00'),
(238, 'United Arab Emirates', '2020-09-18 12:00:00', '2020-09-18 12:00:00'),
(239, 'United Kingdom', '2020-09-18 12:00:00', '2020-09-18 12:00:00'),
(240, 'United States', '2020-09-18 12:00:00', '2020-09-18 12:00:00'),
(241, 'United States Minor Outlying Islands', '2020-09-18 12:00:00', '2020-09-18 12:00:00'),
(242, 'Uruguay', '2020-09-18 12:00:00', '2020-09-18 12:00:00'),
(243, 'Uzbekistan', '2020-09-18 12:00:00', '2020-09-18 12:00:00'),
(244, 'Vanuatu', '2020-09-18 12:00:00', '2020-09-18 12:00:00'),
(245, 'Venezuela', '2020-09-18 12:00:00', '2020-09-18 12:00:00'),
(246, 'Viet Nam', '2020-09-18 12:00:00', '2020-09-18 12:00:00'),
(247, 'Virgin Islands, British', '2020-09-18 12:00:00', '2020-09-18 12:00:00'),
(248, 'Virgin Islands, U.s.', '2020-09-18 12:00:00', '2020-09-18 12:00:00'),
(249, 'Wallis and Futuna', '2020-09-18 12:00:00', '2020-09-18 12:00:00'),
(250, 'Western Sahara', '2020-09-18 12:00:00', '2020-09-18 12:00:00'),
(251, 'Yemen', '2020-09-18 12:00:00', '2020-09-18 12:00:00'),
(252, 'Zambia', '2020-09-18 12:00:00', '2020-09-18 12:00:00'),
(253, 'Zimbabwe', '2020-09-18 12:00:00', '2020-09-18 12:00:00');

-- --------------------------------------------------------

--
-- Table structure for table `failed_jobs`
--

CREATE TABLE `failed_jobs` (
  `id` bigint(20) UNSIGNED NOT NULL,
  `connection` text COLLATE utf8mb4_unicode_ci NOT NULL,
  `queue` text COLLATE utf8mb4_unicode_ci NOT NULL,
  `payload` longtext COLLATE utf8mb4_unicode_ci NOT NULL,
  `exception` longtext COLLATE utf8mb4_unicode_ci NOT NULL,
  `failed_at` timestamp NOT NULL DEFAULT current_timestamp()
) ENGINE=InnoDB DEFAULT CHARSET=utf8mb4 COLLATE=utf8mb4_unicode_ci;

-- --------------------------------------------------------

--
-- Table structure for table `languages`
--

CREATE TABLE `languages` (
  `id` bigint(20) UNSIGNED NOT NULL,
  `language_code` varchar(30) COLLATE utf8mb4_unicode_ci NOT NULL,
  `language_name` varchar(100) COLLATE utf8mb4_unicode_ci DEFAULT NULL,
  `language_default` tinyint(4) NOT NULL DEFAULT 0,
  `created_at` timestamp NULL DEFAULT NULL,
  `updated_at` timestamp NULL DEFAULT NULL
) ENGINE=InnoDB DEFAULT CHARSET=utf8mb4 COLLATE=utf8mb4_unicode_ci;

--
-- Dumping data for table `languages`
--

INSERT INTO `languages` (`id`, `language_code`, `language_name`, `language_default`, `created_at`, `updated_at`) VALUES
(2, 'en', 'English', 1, '2020-10-20 16:35:47', '2021-01-03 10:25:25'),
(3, 'bn', 'Bangla', 0, '2020-12-30 09:21:21', '2021-01-03 10:01:22'),
(4, 'fr', 'French', 0, '2020-12-30 09:21:58', '2021-01-03 09:58:46');

-- --------------------------------------------------------

--
-- Table structure for table `lankeyvalues`
--

CREATE TABLE `lankeyvalues` (
  `id` bigint(20) UNSIGNED NOT NULL,
  `language_code` varchar(30) COLLATE utf8mb4_unicode_ci DEFAULT NULL,
  `language_key` varchar(191) COLLATE utf8mb4_unicode_ci DEFAULT NULL,
  `language_value` text COLLATE utf8mb4_unicode_ci DEFAULT NULL,
  `created_at` timestamp NULL DEFAULT NULL,
  `updated_at` timestamp NULL DEFAULT NULL
) ENGINE=InnoDB DEFAULT CHARSET=utf8mb4 COLLATE=utf8mb4_unicode_ci;

--
-- Dumping data for table `lankeyvalues`
--

INSERT INTO `lankeyvalues` (`id`, `language_code`, `language_key`, `language_value`, `created_at`, `updated_at`) VALUES
(1, 'en', 'Email Address', 'Email Address', '2020-10-20 17:49:33', '2020-10-20 17:49:33'),
(2, 'en', 'Password', 'Password', '2020-10-20 17:49:33', '2020-10-20 17:49:33'),
(3, 'en', 'Remember me', 'Remember me', '2020-10-20 17:49:33', '2020-10-20 17:49:33'),
(4, 'en', 'Forgot your password?', 'Forgot your password?', '2020-10-20 17:49:33', '2020-10-20 17:49:33'),
(5, 'en', 'Sign up for an account', 'Sign up for an account', '2020-10-20 17:49:33', '2020-10-20 17:49:33'),
(6, 'en', 'This is alert message', 'This is alert message', '2020-10-20 17:49:33', '2020-10-20 17:49:33'),
(7, 'en', 'Login', 'Login', '2020-10-20 17:49:33', '2020-10-20 17:49:33'),
(8, 'en', 'Dashboard', 'Dashboard', '2020-10-20 17:49:33', '2020-10-20 17:49:33'),
(9, 'en', 'Projects', 'Projects', '2020-10-20 17:49:33', '2020-10-20 17:49:33'),
(10, 'en', 'Client', 'Client', '2020-10-20 17:49:33', '2020-10-20 17:49:33'),
(11, 'en', 'Staff', 'Staff', '2020-10-20 17:49:33', '2020-10-20 17:49:33'),
(12, 'en', 'Zoom Meeting', 'Zoom Meeting', '2020-10-20 17:49:33', '2020-10-20 17:49:33'),
(13, 'en', 'Settings', 'Settings', '2020-10-20 17:49:33', '2020-10-20 17:49:33'),
(14, 'en', 'Edit Profile', 'Edit Profile', '2020-10-20 17:49:33', '2020-10-20 17:49:33'),
(15, 'en', 'Logout', 'Logout', '2020-10-20 17:49:33', '2020-10-20 17:49:33'),
(16, 'en', 'Total Projects', 'Total Projects', '2020-10-20 17:49:33', '2020-10-20 17:49:33'),
(17, 'en', 'Inprogress Projects', 'Inprogress Projects', '2020-10-20 17:49:33', '2020-10-20 17:49:33'),
(18, 'en', 'Timeout Projects', 'Timeout Projects', '2020-10-20 17:49:33', '2020-10-20 17:49:33'),
(19, 'en', 'Completed Projects', 'Completed Projects', '2020-10-20 17:49:33', '2020-10-20 17:49:33'),
(20, 'en', 'Total Tasks', 'Total Tasks', '2020-10-20 17:49:33', '2020-10-20 17:49:33'),
(21, 'en', 'Doing Tasks', 'Doing Tasks', '2020-10-20 17:49:33', '2020-10-20 17:49:33'),
(22, 'en', 'Timeout Tasks', 'Timeout Tasks', '2020-10-20 17:49:33', '2020-10-20 17:49:33'),
(23, 'en', 'Completed Tasks', 'Completed Tasks', '2020-10-20 17:49:33', '2020-10-20 17:49:33'),
(24, 'en', 'Projects Status', 'Projects Status', '2020-10-20 17:49:33', '2020-10-20 17:49:33'),
(25, 'en', 'Staffs Status', 'Staffs Status', '2020-10-20 17:49:33', '2020-10-20 17:49:33'),
(26, 'en', 'Projects List', 'Projects List', '2020-10-20 17:49:33', '2020-10-20 17:49:33'),
(27, 'en', 'Project Name', 'Project Name', '2020-10-20 17:49:33', '2020-10-20 17:49:33'),
(28, 'en', 'Created By', 'Created By', '2020-10-20 17:49:33', '2020-10-20 17:49:33'),
(29, 'en', 'Start Date', 'Start Date', '2020-10-20 17:49:33', '2020-10-20 17:49:33'),
(30, 'en', 'End Date', 'End Date', '2020-10-20 17:49:33', '2020-10-20 17:49:33'),
(31, 'en', 'Status', 'Status', '2020-10-20 17:49:33', '2020-10-20 17:49:33'),
(32, 'en', 'Milestones', 'Milestones', '2020-10-20 17:49:33', '2020-10-20 17:49:33'),
(33, 'en', 'Client List', 'Client List', '2020-10-20 17:49:33', '2020-10-20 17:49:33'),
(34, 'en', 'Client/Country', 'Client/Country', '2020-10-20 17:49:33', '2020-10-20 17:49:33'),
(35, 'en', 'E-mail/Phone', 'E-mail/Phone', '2020-10-20 17:49:33', '2020-10-20 17:49:33'),
(36, 'en', 'Photos', 'Photos', '2020-10-20 17:49:33', '2020-10-20 17:49:33'),
(37, 'en', 'Upcoming Meeting', 'Upcoming Meeting', '2020-10-20 17:49:33', '2020-10-20 17:49:33'),
(38, 'en', 'New Client', 'New Client', '2020-10-20 17:49:33', '2020-10-20 17:49:33'),
(39, 'en', 'Back to List', 'Back to List', '2020-10-20 17:49:33', '2020-10-20 17:49:33'),
(40, 'en', 'Client Entry Form', 'Client Entry Form', '2020-10-20 17:49:33', '2020-10-20 17:49:33'),
(41, 'en', 'Client Name', 'Client Name', '2020-10-20 17:49:33', '2020-10-20 17:49:33'),
(42, 'en', 'Phone', 'Phone', '2020-10-20 17:49:33', '2020-10-20 17:49:33'),
(43, 'en', 'Skype id', 'Skype id', '2020-10-20 17:49:33', '2020-10-20 17:49:33'),
(44, 'en', 'Facebook id', 'Facebook id', '2020-10-20 17:49:33', '2020-10-20 17:49:33'),
(45, 'en', 'URL', 'URL', '2020-10-20 17:49:33', '2020-10-20 17:49:33'),
(46, 'en', 'City', 'City', '2020-10-20 17:49:33', '2020-10-20 17:49:33'),
(47, 'en', 'State', 'State', '2020-10-20 17:49:33', '2020-10-20 17:49:33'),
(48, 'en', 'Zip Code', 'Zip Code', '2020-10-20 17:49:33', '2020-10-20 17:49:33'),
(49, 'en', 'Country', 'Country', '2020-10-20 17:49:33', '2020-10-20 17:49:33'),
(50, 'en', 'Address', 'Address', '2020-10-20 17:49:33', '2020-10-20 17:49:33'),
(51, 'en', 'Active/Inactive', 'Active/Inactive', '2020-10-20 17:49:33', '2020-10-20 17:49:33'),
(52, 'en', 'Upload your profile photo', 'Upload your profile photo', '2020-10-20 17:49:33', '2020-10-20 17:49:33'),
(53, 'en', 'The profile image must be a file of type jpg', 'The profile image must be a file of type jpg', '2020-10-20 17:49:33', '2020-10-20 17:49:33'),
(54, 'en', 'Save', 'Save', '2020-10-20 17:49:33', '2020-10-20 17:49:33'),
(55, 'en', 'Cancel', 'Cancel', '2020-10-20 17:49:33', '2020-10-20 17:49:33'),
(56, 'en', 'Profile', 'Profile', '2020-10-20 17:49:33', '2020-10-20 17:49:33'),
(57, 'en', 'The file uploaded Successfully', 'The file uploaded Successfully', '2020-10-20 17:49:33', '2020-10-20 17:49:33'),
(58, 'en', 'Sorry, there was an error uploading your file', 'Sorry, there was an error uploading your file', '2020-10-20 17:49:33', '2020-10-20 17:49:33'),
(59, 'en', 'Sorry only you can upload jpg, png and gif file type', 'Sorry only you can upload jpg, png and gif file type', '2020-10-20 17:49:33', '2020-10-20 17:49:33'),
(60, 'en', 'Sorry file size exceeding from 1 Mb', 'Sorry file size exceeding from 1 Mb', '2020-10-20 17:49:33', '2020-10-20 17:49:33'),
(61, 'en', 'Active', 'Active', '2020-10-20 17:49:33', '2020-10-20 17:49:33'),
(62, 'en', 'Inactive', 'Inactive', '2020-10-20 17:49:33', '2020-10-20 17:49:33'),
(63, 'en', 'View', 'View', '2020-10-20 17:49:33', '2020-10-20 17:49:33'),
(64, 'en', 'Edit', 'Edit', '2020-10-20 17:49:33', '2020-10-20 17:49:33'),
(65, 'en', 'Delete', 'Delete', '2020-10-20 17:49:33', '2020-10-20 17:49:33'),
(66, 'en', 'No data available', 'No data available', '2020-10-20 17:49:33', '2020-10-20 17:49:33'),
(67, 'en', 'Do you really want to edit this record', 'Do you really want to edit this record?', '2020-10-20 17:49:33', '2020-10-20 17:49:33'),
(68, 'en', 'Do you really want to delete this record', 'Do you really want to delete this record?', '2020-10-20 17:49:33', '2020-10-20 17:49:33'),
(69, 'en', 'Staff List', 'Staff List', '2020-10-20 17:49:33', '2020-10-20 17:49:33'),
(70, 'en', 'New staff', 'New staff', '2020-10-20 17:49:33', '2020-10-20 17:49:33'),
(71, 'en', 'Staff Entry Form', 'Staff Entry Form', '2020-10-20 17:49:33', '2020-10-20 17:49:33'),
(72, 'en', 'Staff Name', 'Staff Name', '2020-10-20 17:49:33', '2020-10-20 17:49:33'),
(73, 'en', 'Designation', 'Designation', '2020-10-20 17:49:33', '2020-10-20 17:49:33'),
(74, 'en', 'Roles', 'Roles', '2020-10-20 17:49:33', '2020-10-20 17:49:33'),
(75, 'en', 'Project List', 'Project List', '2020-10-20 17:49:33', '2020-10-20 17:49:33'),
(76, 'en', 'New Project', 'New Project', '2020-10-20 17:49:33', '2020-10-20 17:49:33'),
(77, 'en', 'Project Entry Form', 'Project Entry Form', '2020-10-20 17:49:33', '2020-10-20 17:49:33'),
(78, 'en', 'Budget', 'Budget', '2020-10-20 17:49:33', '2020-10-20 17:49:33'),
(79, 'en', 'Currency', '$', '2020-10-20 17:49:33', '2020-10-20 17:49:33'),
(80, 'en', 'Description', 'Description', '2020-10-20 17:49:33', '2020-10-20 17:49:33'),
(81, 'en', 'Invite to project', 'Invite to project', '2020-10-20 17:49:33', '2020-10-20 17:49:33'),
(82, 'en', 'Photo', 'Photo', '2020-10-20 17:49:33', '2020-10-20 17:49:33'),
(83, 'en', 'Project Details', 'Project Details', '2020-10-20 17:49:33', '2020-10-20 17:49:33'),
(84, 'en', 'Go To Task Board', 'Go To Task Board', '2020-10-20 17:49:33', '2020-10-20 17:49:33'),
(85, 'en', 'Timeout', 'Timeout', '2020-10-20 17:49:33', '2020-10-20 17:49:33'),
(86, 'en', 'Select staff', 'Select staff', '2020-10-20 17:49:33', '2020-10-20 17:49:33'),
(87, 'en', 'Task Board', 'Task Board', '2020-10-20 17:49:33', '2020-10-20 17:49:33'),
(88, 'en', 'Milestones View', 'Milestones View', '2020-10-20 17:49:33', '2020-10-20 17:49:33'),
(89, 'en', 'Add New List', 'Add New List', '2020-10-20 17:49:33', '2020-10-20 17:49:33'),
(90, 'en', 'New List Name', 'New List Name', '2020-10-20 17:49:33', '2020-10-20 17:49:33'),
(91, 'en', 'Task Form', 'Task Form', '2020-10-20 17:49:33', '2020-10-20 17:49:33'),
(92, 'en', 'Task Name', 'Task Name', '2020-10-20 17:49:33', '2020-10-20 17:49:33'),
(93, 'en', 'Date', 'Date', '2020-10-20 17:49:33', '2020-10-20 17:49:33'),
(94, 'en', 'Time', 'Time', '2020-10-20 17:49:33', '2020-10-20 17:49:33'),
(95, 'en', 'Change Task Status', 'Change Task Status', '2020-10-20 17:49:33', '2020-10-20 17:49:33'),
(96, 'en', 'Task is completed', 'Task is completed', '2020-10-20 17:49:33', '2020-10-20 17:49:33'),
(97, 'en', 'Move the task', 'Move the task', '2020-10-20 17:49:33', '2020-10-20 17:49:33'),
(98, 'en', 'Invite to Task', 'Invite to Task', '2020-10-20 17:49:33', '2020-10-20 17:49:33'),
(99, 'en', 'Task Activity', 'Task Activity', '2020-10-20 17:49:33', '2020-10-20 17:49:33'),
(100, 'en', 'Comments', 'Comments', '2020-10-20 17:49:33', '2020-10-20 17:49:33'),
(101, 'en', 'Attachment', 'Attachment', '2020-10-20 17:49:33', '2020-10-20 17:49:33'),
(102, 'en', 'Attachment Form', 'Attachment Form', '2020-10-20 17:49:33', '2020-10-20 17:49:33'),
(103, 'en', 'Upload', 'Upload', '2020-10-20 17:49:33', '2020-10-20 17:49:33'),
(104, 'en', 'You did not activated this project', 'You did not activated this project', '2020-10-20 17:49:33', '2020-10-20 17:49:33'),
(105, 'en', 'You are not connected in this project', 'You are not connected in this project', '2020-10-20 17:49:33', '2020-10-20 17:49:33'),
(106, 'en', 'Add a task', 'Add a task', '2020-10-20 17:49:33', '2020-10-20 17:49:33'),
(107, 'en', 'This task is incomplete', 'This task is incomplete', '2020-10-20 17:49:33', '2020-10-20 17:49:33'),
(108, 'en', 'This task is timeout', 'This task is timeout', '2020-10-20 17:49:33', '2020-10-20 17:49:33'),
(109, 'en', 'This task is complete', 'This task is complete', '2020-10-20 17:49:33', '2020-10-20 17:49:33'),
(110, 'en', 'Move', 'Move', '2020-10-20 17:49:33', '2020-10-20 17:49:33'),
(111, 'en', 'Add Staff', 'Add Staff', '2020-10-20 17:49:33', '2020-10-20 17:49:33'),
(112, 'en', 'Please choose the files to upload', 'Please choose the files to upload', '2020-10-20 17:49:33', '2020-10-20 17:49:33'),
(113, 'en', 'Total Records', 'Total Records', '2020-10-20 17:49:33', '2020-10-20 17:49:33'),
(114, 'en', 'Global Setting', 'Global Setting', '2020-10-20 17:49:33', '2020-10-20 17:49:33'),
(115, 'en', 'Google reCAPTCHA', 'Google reCAPTCHA', '2020-10-20 17:49:33', '2020-10-20 17:49:33'),
(116, 'en', 'Mail Setting', 'Mail Setting', '2020-10-20 17:49:33', '2020-10-20 17:49:33'),
(117, 'en', 'Company Name', 'Company Name', '2020-10-20 17:49:33', '2020-10-20 17:49:33'),
(118, 'en', 'Company Title', 'Company Title', '2020-10-20 17:49:33', '2020-10-20 17:49:33'),
(119, 'en', 'Site URL', 'Site URL', '2020-10-20 17:49:33', '2020-10-20 17:49:33'),
(120, 'en', 'Time Zone', 'Time Zone', '2020-10-20 17:49:33', '2020-10-20 17:49:33'),
(121, 'en', 'Theme color', 'Theme color', '2020-10-20 17:49:33', '2020-10-20 17:49:33'),
(122, 'en', 'Favicon', 'Favicon', '2020-10-20 17:49:33', '2020-10-20 17:49:33'),
(123, 'en', 'Logo', 'Logo', '2020-10-20 17:49:33', '2020-10-20 17:49:33'),
(124, 'en', 'The logo must be a file of type png', 'The logo must be a file of type png', '2020-10-20 17:49:33', '2020-10-20 17:49:33'),
(125, 'en', 'Enable/Disable', 'Enable/Disable', '2020-10-20 17:49:33', '2020-10-20 17:49:33'),
(126, 'en', 'Site Key', 'Site Key', '2020-10-20 17:49:33', '2020-10-20 17:49:33'),
(127, 'en', 'Secret Key', 'Secret Key', '2020-10-20 17:49:33', '2020-10-20 17:49:33'),
(128, 'en', 'System Mail Address', 'System Mail Address', '2020-10-20 17:49:33', '2020-10-20 17:49:33'),
(129, 'en', 'The mail address must be a admin e-mail address', 'The mail address must be a admin e-mail address', '2020-10-20 17:49:33', '2020-10-20 17:49:33'),
(130, 'en', 'Administrator Recipient Mail Address', 'Administrator Recipient Mail Address', '2020-10-20 17:49:33', '2020-10-20 17:49:33'),
(131, 'en', 'Subject', 'Subject', '2020-10-20 17:49:33', '2020-10-20 17:49:33'),
(132, 'en', 'Body', 'Body', '2020-10-20 17:49:33', '2020-10-20 17:49:33'),
(133, 'en', 'Mail Templates', 'Mail Templates', '2020-10-20 17:49:33', '2020-12-30 12:12:16'),
(134, 'en', 'Live Meeting', 'Live Meeting', '2020-10-20 17:49:33', '2020-10-20 17:49:33'),
(135, 'en', 'Previous Meeting', 'Previous Meeting', '2020-10-20 17:49:33', '2020-10-20 17:49:33'),
(136, 'en', 'Zoom Settings', 'Zoom Settings', '2020-10-20 17:49:33', '2020-10-20 17:49:33'),
(137, 'en', 'New Meeting', 'New Meeting', '2020-10-20 17:49:33', '2020-10-20 17:49:33'),
(138, 'en', 'SL', 'SL', '2020-10-20 17:49:33', '2020-10-20 17:49:33'),
(139, 'en', 'Meeting Topic', 'Meeting Topic', '2020-10-20 17:49:33', '2020-10-20 17:49:33'),
(140, 'en', 'Start Time', 'Start Time', '2020-10-20 17:49:33', '2020-10-20 17:49:33'),
(141, 'en', 'Meeting ID', 'Meeting ID', '2020-10-20 17:49:33', '2020-10-20 17:49:33'),
(142, 'en', 'Invitation', 'Invitation', '2020-10-20 17:49:33', '2020-10-20 17:49:33'),
(143, 'en', 'Start', 'Start', '2020-10-20 17:49:33', '2020-10-20 17:49:33'),
(144, 'en', 'Action', 'Action', '2020-10-20 17:49:33', '2020-10-23 11:18:03'),
(145, 'en', 'Meeting Date', 'Meeting Date', '2020-10-20 17:49:33', '2020-10-20 17:49:33'),
(146, 'en', 'Duration', 'Duration', '2020-10-20 17:49:33', '2020-10-20 17:49:33'),
(147, 'en', 'Video Settings', 'Video Settings', '2020-10-20 17:49:33', '2020-10-20 17:49:33'),
(148, 'en', 'Host Video On/Off', 'Host Video On/Off', '2020-10-20 17:49:33', '2020-10-20 17:49:33'),
(149, 'en', 'Participant Video On/Off', 'Participant Video On/Off', '2020-10-20 17:49:33', '2020-10-20 17:49:33'),
(150, 'en', 'Meeting Options', 'Meeting Options', '2020-10-20 17:49:33', '2020-10-20 17:49:33'),
(151, 'en', 'Enable join before host', 'Enable join before host', '2020-10-20 17:49:33', '2020-10-20 17:49:33'),
(152, 'en', 'Mute participants upon entry', 'Mute participants upon entry', '2020-10-20 17:49:33', '2020-10-20 17:49:33'),
(153, 'en', 'Join', 'Join', '2020-10-20 17:49:33', '2020-10-20 17:49:33'),
(154, 'en', 'Meeting Invitation', 'Meeting Invitation', '2020-10-20 17:49:33', '2020-10-20 17:49:33'),
(155, 'en', 'Staff/Client', 'Staff/Client', '2020-10-20 17:49:33', '2020-10-20 17:49:33'),
(156, 'en', 'Staff/Client List', 'Staff/Client List', '2020-10-20 17:49:33', '2020-10-20 17:49:33'),
(157, 'en', 'New meeting creation failed', 'New meeting creation failed', '2020-10-20 17:49:33', '2020-10-20 17:49:33'),
(158, 'en', 'New meeting created successfully', 'New meeting created successfully', '2020-10-20 17:49:33', '2020-10-20 17:49:33'),
(159, 'en', 'Meeting update failed', 'Meeting update failed', '2020-10-20 17:49:33', '2020-10-20 17:49:33'),
(160, 'en', 'Meeting updated successfully', 'Meeting updated successfully', '2020-10-20 17:49:33', '2020-10-20 17:49:33'),
(161, 'en', 'Meeting deleted successfully', 'Meeting deleted successfully', '2020-10-20 17:49:33', '2020-10-20 17:49:33'),
(162, 'en', 'Select staff/client', 'Select staff/client', '2020-10-20 17:49:33', '2020-10-20 17:49:33'),
(163, 'en', 'Meeting', 'Meeting', '2020-10-20 17:49:33', '2020-10-20 17:49:33'),
(164, 'en', 'Join Zoom Meeting', 'Join Zoom Meeting', '2020-10-20 17:49:33', '2020-10-20 17:49:33'),
(165, 'en', 'Passcode', 'Passcode', '2020-10-20 17:49:33', '2020-10-20 17:49:33'),
(166, 'en', 'minutes', 'minutes', '2020-10-20 17:49:33', '2020-10-20 17:49:33'),
(167, 'en', 'Zoom API Secret', 'Zoom API Secret', '2020-10-20 17:49:33', '2020-10-20 17:49:33'),
(168, 'en', 'Zoom API Key', 'Zoom API Key', '2020-10-20 17:49:33', '2020-10-20 17:49:33'),
(169, 'en', 'Join Meeting', 'Join Meeting', '2020-10-20 17:49:33', '2020-10-20 17:49:33'),
(170, 'en', 'Languages', 'Languages', '2020-10-20 17:49:33', '2020-10-20 17:49:33'),
(171, 'en', 'Language Keywords', 'Language Keywords', '2020-10-20 17:49:33', '2020-10-20 17:49:33'),
(172, 'en', 'Add New', 'Add New', '2020-10-20 17:49:33', '2020-10-20 17:49:33'),
(173, 'en', 'Language Code', 'Language Code', '2020-10-20 17:49:33', '2020-10-20 17:49:33'),
(174, 'en', 'Language Name', 'Language Name', '2020-10-20 17:49:33', '2020-10-20 17:49:33'),
(175, 'en', 'Active Language', 'Active Language', '2020-10-20 17:49:33', '2020-10-20 17:49:33'),
(176, 'en', 'Enable', 'Enable', '2020-10-20 17:49:33', '2020-10-20 17:49:33'),
(177, 'en', 'Disable', 'Disable', '2020-10-20 17:49:33', '2020-10-20 17:49:33'),
(178, 'en', 'Language Key', 'Language Key', '2020-10-21 16:19:47', '2020-10-21 16:19:50'),
(179, 'en', 'Language Value', 'Language Value', '2020-10-21 16:20:33', '2020-10-21 16:20:38'),
(4872, 'en', 'You do not have permission to access this page', 'You do not have permission to access this page.', '2020-10-23 11:42:57', '2020-10-23 11:42:57'),
(4876, 'en', 'Register', 'Register', '2020-10-24 07:58:56', '2020-10-24 08:43:06'),
(4880, 'en', 'Back to login', 'Back to login', '2020-10-24 08:01:21', '2020-10-24 08:01:21'),
(4882, 'en', 'Name', 'Name', '2020-10-24 08:48:08', '2020-10-24 08:48:08'),
(4883, 'en', 'Confirm Password', 'Confirm Password', '2020-10-24 08:52:33', '2020-10-24 08:52:33'),
(4888, 'en', 'The recaptcha field is required', 'The recaptcha field is required.', '2020-10-25 09:14:30', '2020-10-25 09:14:30'),
(4889, 'en', 'Thanks! You have signed up successfully. Please contact administrator.', 'Thanks! You have signed up successfully. Please contact administrator.', '2020-10-25 09:37:12', '2020-10-25 09:37:12'),
(4890, 'en', 'Oops! You are failed registration. Please reload the page and try again.', 'Oops! You are failed registration. Please reload the page and try again.', '2020-10-25 10:06:16', '2020-10-25 10:06:16'),
(4891, 'en', 'Enter your email address below and we will send you a link to reset your password', 'Enter your email address below and we will send you a link to reset your password', '2020-10-26 00:09:12', '2020-10-26 00:09:12'),
(4892, 'en', 'Reset Password', 'Reset Password', '2020-10-26 00:14:19', '2020-10-26 00:14:19'),
(4893, 'en', 'We can not find a user with that email address', 'We can not find a user with that email address.', '2020-10-26 03:37:32', '2020-10-26 03:37:32'),
(4897, 'en', 'We have emailed your password reset link!', 'We have emailed your password reset link!', '2020-10-26 05:57:41', '2020-10-26 05:57:41'),
(4898, 'en', 'The email field is required', 'The email field is required.', '2020-10-26 06:09:19', '2020-10-26 06:09:19'),
(4899, 'en', 'This password reset token is invalid', 'This password reset token is invalid.', '2020-10-26 07:15:00', '2020-10-26 07:15:00'),
(4900, 'en', 'Your password changed successfully', 'Your password changed successfully', '2020-10-26 07:43:21', '2020-10-26 07:43:21'),
(4902, 'en', 'Oops! You are failed change password. Please try again', 'Oops! You are failed change password. Please try again.', '2020-10-26 07:46:03', '2020-10-26 07:46:03'),
(4903, 'en', 'Oops! You are failed change password request. Please try again', 'Oops! You are failed change password request. Please try again.', '2020-10-26 07:47:35', '2020-10-26 07:47:35'),
(4904, 'en', 'You are not active yet. Please contact administrator.', 'You are not active yet. Please contact administrator.', '2020-10-26 11:12:33', '2020-10-26 11:12:33'),
(4905, 'en', 'All Payment Milestones', 'All Payment Milestones', '2020-10-29 10:40:17', '2020-10-29 10:40:17'),
(4906, 'en', 'New Milestone', 'New Milestone', '2020-10-29 10:40:51', '2020-10-29 10:40:51'),
(4907, 'en', 'Invoice No', 'Invoice No', '2020-10-29 10:42:27', '2020-10-29 10:42:27'),
(4908, 'en', 'Title', 'Title', '2020-10-29 10:42:43', '2020-10-29 10:42:43'),
(4909, 'en', 'Deadline', 'Deadline', '2020-10-29 10:43:00', '2020-10-29 10:43:00'),
(4910, 'en', 'Amount', 'Amount', '2020-10-29 10:43:16', '2020-10-29 10:43:16'),
(4911, 'en', 'Invoice', 'Invoice', '2020-10-29 10:44:35', '2020-10-29 10:44:35'),
(4912, 'en', 'Bill From', 'Bill From', '2020-10-29 10:48:48', '2020-10-29 10:48:48'),
(4913, 'en', 'To', 'To', '2020-10-29 10:49:31', '2020-10-29 10:49:31'),
(4914, 'en', 'Milestone', 'Milestone', '2020-10-29 10:50:32', '2020-10-29 10:50:32'),
(4915, 'en', 'Total', 'Total', '2020-10-29 10:50:55', '2020-10-29 10:50:55'),
(4916, 'en', 'invoice-footer-1', 'Thank you for your business!', '2020-10-29 10:52:09', '2020-10-29 10:52:09'),
(4917, 'en', 'invoice-footer-2', 'If you have any questions about this invoice, please contact', '2020-10-29 10:52:46', '2020-10-29 10:52:46'),
(4918, 'en', 'View invoice', 'View invoice', '2020-10-29 23:58:16', '2020-10-29 23:58:16'),
(4919, 'en', 'Due Date', 'Due Date', '2020-10-30 07:54:23', '2020-10-30 07:54:23'),
(4920, 'en', 'Subtotal', 'Subtotal', '2020-10-30 09:07:02', '2020-10-30 09:07:02'),
(4921, 'en', 'Inprogress', 'Inprogress', '2020-11-05 11:50:31', '2020-11-05 11:50:31'),
(4922, 'en', 'Completed', 'Completed', '2020-11-05 11:51:18', '2020-11-05 11:51:18'),
(4923, 'en', 'Chat', 'Chat', '2020-11-07 08:58:49', '2020-11-07 08:58:49'),
(4926, 'en', 'Attach files', 'Attach files', '2020-11-18 12:02:52', '2020-11-18 12:02:52'),
(4927, 'en', 'Welcome', 'Welcome', '2020-11-21 09:41:15', '2020-11-21 09:42:12'),
(4928, 'en', 'Newer Messages', 'Newer Messages', '2020-11-25 11:03:04', '2020-11-25 11:03:04'),
(4929, 'en', 'Older Messages', 'Older Messages', '2020-11-25 11:03:57', '2020-11-25 11:03:57'),
(4930, 'en', 'Download', 'Download', '2020-11-29 10:55:32', '2020-11-29 10:55:32'),
(4931, 'en', 'Today', 'Today', '2020-12-01 11:22:12', '2020-12-01 11:22:12'),
(4932, 'en', 'New', 'New', '2020-12-03 09:16:38', '2020-12-03 09:16:38'),
(4933, 'en', 'New message', 'New message', '2020-12-04 06:40:43', '2020-12-04 06:40:43'),
(4934, 'en', 'Admin', 'Admin', '2020-12-06 09:13:40', '2020-12-06 09:13:40'),
(4935, 'en', 'Stripe Settings', 'Stripe Settings', '2020-12-12 10:16:27', '2020-12-12 10:16:38'),
(4936, 'en', 'Stripe Key', 'Stripe Key', '2020-12-12 10:30:54', '2020-12-12 10:30:54'),
(4937, 'en', 'Stripe Secret', 'Stripe Secret', '2020-12-12 10:31:05', '2020-12-12 10:31:05'),
(4938, 'en', 'Name on Card', 'Name on Card', '2020-12-13 12:01:47', '2020-12-13 12:01:47'),
(4939, 'en', 'Enter your card information', 'Enter your card information', '2020-12-13 12:04:57', '2020-12-13 12:04:57'),
(4940, 'en', 'Card Information', 'Card Information', '2020-12-13 12:21:23', '2020-12-13 12:21:23'),
(4941, 'en', 'Payment Method', 'Payment Method', '2020-12-13 12:27:17', '2020-12-13 12:27:17'),
(4942, 'en', 'Click here', 'Click here', '2020-12-16 00:09:34', '2020-12-16 00:09:34'),
(4943, 'en', 'Please provide stripe information', 'Please provide stripe information', '2020-12-16 00:17:53', '2020-12-16 00:17:53'),
(4944, 'en', 'Please type valid card number', 'Please type valid card number.', '2020-12-16 05:08:40', '2020-12-16 05:08:40'),
(4945, 'en', 'Purchase Code', 'Purchase Code', '2020-12-18 00:00:38', '2020-12-18 00:00:38'),
(4950, 'en', 'Register Theme', 'Register Theme', '2020-12-19 08:26:47', '2020-12-19 08:26:47'),
(4951, 'en', 'Theme is registered', 'Theme is registered', '2020-12-19 08:27:38', '2020-12-19 08:27:38'),
(4952, 'en', 'Deregister Theme', 'Deregister Theme', '2020-12-19 08:28:23', '2020-12-19 08:28:23'),
(4953, 'en', 'Do you really want to deregister the theme', 'Do you really want to deregister the theme?', '2020-12-19 08:37:17', '2020-12-19 08:37:17'),
(4954, 'en', 'Theme registered Successfully', 'Theme registered Successfully', '2020-12-19 08:45:28', '2020-12-19 08:45:28'),
(4955, 'en', 'Theme deregister Successfully', 'Theme deregister Successfully', '2020-12-19 08:46:45', '2020-12-19 08:46:45'),
(4956, 'en', 'Sorry, This is not a valid purchase code.', 'Sorry, This is not a valid purchase code.', '2020-12-19 08:52:41', '2020-12-19 08:52:41'),
(4957, 'en', 'Theme Register', 'Theme Register', '2020-12-19 08:55:44', '2020-12-19 08:55:44'),
(4958, 'bn', 'Email Address', ' ', '2020-12-30 09:21:21', '2020-12-30 10:57:54'),
(4959, 'bn', 'Password', '', '2020-12-30 09:21:21', '2020-12-31 11:06:35'),
(4960, 'bn', 'Remember me', '  ', '2020-12-30 09:21:21', '2020-12-31 11:27:23'),
(4961, 'bn', 'Forgot your password?', '    ?', '2020-12-30 09:21:21', '2020-12-30 11:08:10'),
(4962, 'bn', 'Sign up for an account', '     ', '2020-12-30 09:21:21', '2020-12-31 12:23:13'),
(4963, 'bn', 'This is alert message', '  ', '2020-12-30 09:21:21', '2020-12-31 21:30:15'),
(4964, 'bn', 'Login', '', '2020-12-30 09:21:21', '2020-12-30 11:47:57'),
(4965, 'bn', 'Dashboard', '', '2020-12-30 09:21:21', '2020-12-30 10:17:42'),
(4966, 'bn', 'Projects', '', '2020-12-30 09:21:21', '2020-12-31 11:20:55'),
(4967, 'bn', 'Client', '', '2020-12-30 09:21:21', '2020-12-30 09:55:43'),
(4968, 'bn', 'Staff', '', '2020-12-30 09:21:21', '2020-12-31 12:32:11'),
(4969, 'bn', 'Zoom Meeting', ' ', '2020-12-30 09:21:21', '2020-12-31 22:15:08'),
(4970, 'bn', 'Settings', '', '2020-12-30 09:21:21', '2020-12-31 12:21:59'),
(4971, 'bn', 'Edit Profile', ' ', '2020-12-30 09:21:21', '2020-12-30 10:56:50'),
(4972, 'bn', 'Logout', '', '2020-12-30 09:21:21', '2020-12-30 11:50:23'),
(4973, 'bn', 'Total Projects', ' ', '2020-12-30 09:21:21', '2020-12-31 21:49:48'),
(4974, 'bn', 'Inprogress Projects', ' ', '2020-12-30 09:21:21', '2020-12-30 11:15:00'),
(4975, 'bn', 'Timeout Projects', '  ', '2020-12-30 09:21:21', '2020-12-31 22:20:17'),
(4976, 'bn', 'Completed Projects', ' ', '2020-12-30 09:21:21', '2020-12-30 10:05:16'),
(4977, 'bn', 'Total Tasks', ' ', '2020-12-30 09:21:21', '2020-12-31 22:21:22'),
(4978, 'bn', 'Doing Tasks', ' ', '2020-12-30 09:21:21', '2020-12-30 10:49:25'),
(4979, 'bn', 'Timeout Tasks', '  ', '2020-12-30 09:21:21', '2020-12-31 21:44:35'),
(4980, 'bn', 'Completed Tasks', ' ', '2020-12-30 09:21:21', '2020-12-30 10:05:45'),
(4981, 'bn', 'Projects Status', ' ', '2020-12-30 09:21:21', '2020-12-31 22:20:42'),
(4982, 'bn', 'Staffs Status', ' ', '2020-12-30 09:21:21', '2020-12-31 12:48:12'),
(4983, 'bn', 'Projects List', ' ', '2020-12-30 09:21:21', '2020-12-31 11:18:55'),
(4984, 'bn', 'Project Name', ' ', '2020-12-30 09:21:21', '2021-01-03 10:12:22'),
(4985, 'bn', 'Created By', ' ', '2020-12-30 09:21:21', '2020-12-30 10:15:45'),
(4986, 'bn', 'Start Date', ' ', '2020-12-30 09:21:21', '2020-12-31 12:49:30'),
(4987, 'bn', 'End Date', ' ', '2020-12-30 09:21:21', '2020-12-30 11:03:43'),
(4988, 'bn', 'Status', '', '2020-12-30 09:21:21', '2020-12-31 12:54:38'),
(4989, 'bn', 'Milestones', '', '2020-12-30 09:21:21', '2020-12-31 09:50:39'),
(4990, 'bn', 'Client List', ' ', '2020-12-30 09:21:21', '2020-12-30 09:57:38'),
(4991, 'bn', 'Client/Country', ' / ', '2020-12-30 09:21:21', '2020-12-30 09:59:44'),
(4992, 'bn', 'E-mail/Phone', '-/', '2020-12-30 09:21:21', '2020-12-30 10:54:16'),
(4993, 'bn', 'Photos', '', '2020-12-30 09:21:21', '2020-12-31 11:10:34'),
(4994, 'bn', 'Upcoming Meeting', ' ', '2020-12-30 09:21:21', '2020-12-31 21:53:24'),
(4995, 'bn', 'New Client', ' ', '2020-12-30 09:21:21', '2020-12-31 10:02:52'),
(4996, 'bn', 'Back to List', ' ', '2020-12-30 09:21:21', '2020-12-30 09:40:22'),
(4997, 'bn', 'Client Entry Form', '  ', '2020-12-30 09:21:21', '2020-12-30 09:56:57'),
(4998, 'bn', 'Client Name', ' ', '2020-12-30 09:21:21', '2020-12-30 09:59:12'),
(4999, 'bn', 'Phone', '', '2020-12-30 09:21:21', '2020-12-31 11:08:23'),
(5000, 'bn', 'Skype id', ' ', '2020-12-30 09:21:21', '2020-12-31 12:26:11'),
(5001, 'bn', 'Facebook id', ' ', '2020-12-30 09:21:21', '2020-12-30 11:06:16'),
(5002, 'bn', 'URL', '', '2020-12-30 09:21:21', '2020-12-31 21:52:02'),
(5003, 'bn', 'City', '', '2020-12-30 09:21:21', '2020-12-30 09:54:24'),
(5004, 'bn', 'State', '', '2020-12-30 09:21:21', '2020-12-31 12:52:49'),
(5005, 'bn', 'Zip Code', ' ', '2020-12-30 09:21:21', '2020-12-31 22:13:20'),
(5006, 'bn', 'Country', '', '2020-12-30 09:21:21', '2020-12-30 10:08:49'),
(5007, 'bn', 'Address', '', '2020-12-30 09:21:21', '2020-12-30 09:33:38'),
(5008, 'bn', 'Active/Inactive', ' / ', '2020-12-30 09:21:21', '2020-12-30 09:27:16'),
(5009, 'bn', 'Upload your profile photo', '    ', '2020-12-30 09:21:21', '2020-12-31 21:56:09'),
(5010, 'bn', 'The profile image must be a file of type jpg', '   jpg     ', '2020-12-30 09:21:21', '2020-12-31 21:17:00'),
(5011, 'bn', 'Save', '', '2020-12-30 09:21:21', '2020-12-31 12:17:13'),
(5012, 'bn', 'Cancel', '', '2020-12-30 09:21:21', '2020-12-30 09:48:13'),
(5013, 'bn', 'Profile', '', '2020-12-30 09:21:21', '2020-12-31 11:15:42'),
(5014, 'bn', 'The file uploaded Successfully', '   ', '2020-12-30 09:21:21', '2020-12-31 21:13:55'),
(5015, 'bn', 'Sorry, there was an error uploading your file', ',        ', '2020-12-30 09:21:21', '2020-12-31 12:30:09'),
(5016, 'bn', 'Sorry only you can upload jpg, png and gif file type', ',   jpg, png  gif     ', '2020-12-30 09:21:21', '2020-12-31 12:28:22'),
(5017, 'bn', 'Sorry file size exceeding from 1 Mb', '   1  ', '2020-12-30 09:21:21', '2020-12-31 12:27:43'),
(5018, 'bn', 'Active', '', '2020-12-30 09:21:21', '2020-12-30 09:26:10'),
(5019, 'bn', 'Inactive', '', '2020-12-30 09:21:21', '2020-12-30 11:13:05'),
(5020, 'bn', 'View', '', '2020-12-30 09:21:21', '2020-12-31 21:58:44'),
(5021, 'bn', 'Edit', '', '2020-12-30 09:21:21', '2020-12-30 10:55:25'),
(5022, 'bn', 'Delete', '', '2020-12-30 09:21:21', '2020-12-31 22:26:35'),
(5023, 'bn', 'No data available', '  ', '2020-12-30 09:21:21', '2020-12-31 10:15:42'),
(5024, 'bn', 'Do you really want to edit this record', '       ?', '2020-12-30 09:21:21', '2020-12-30 10:44:18'),
(5025, 'bn', 'Do you really want to delete this record', '      ?', '2020-12-30 09:21:21', '2020-12-30 10:40:34'),
(5026, 'bn', 'Staff List', ' ', '2020-12-30 09:21:21', '2020-12-31 12:43:57'),
(5027, 'bn', 'New staff', ' ', '2020-12-30 09:21:21', '2020-12-31 10:13:44'),
(5028, 'bn', 'Staff Entry Form', '  ', '2020-12-30 09:21:21', '2020-12-31 12:33:01'),
(5029, 'bn', 'Staff Name', ' ', '2020-12-30 09:21:21', '2020-12-31 12:44:25'),
(5030, 'bn', 'Designation', '', '2020-12-30 09:21:21', '2020-12-30 10:24:02'),
(5031, 'bn', 'Roles', '', '2020-12-30 09:21:21', '2020-12-31 12:14:08'),
(5032, 'bn', 'Project List', ' ', '2020-12-30 09:21:21', '2020-12-31 11:18:49'),
(5033, 'bn', 'New Project', ' ', '2020-12-30 09:21:21', '2020-12-31 10:09:06'),
(5034, 'bn', 'Project Entry Form', '  ', '2020-12-30 09:21:21', '2020-12-31 11:17:16'),
(5035, 'bn', 'Budget', '', '2020-12-30 09:21:21', '2020-12-30 09:47:47'),
(5036, 'bn', 'Currency', '$', '2020-12-30 09:21:21', '2020-12-30 10:16:39'),
(5037, 'bn', 'Description', '', '2020-12-30 09:21:21', '2020-12-30 10:23:25'),
(5038, 'bn', 'Invite to project', '  ', '2020-12-30 09:21:21', '2020-12-30 11:18:08'),
(5039, 'bn', 'Photo', '', '2020-12-30 09:21:21', '2020-12-31 11:09:23'),
(5040, 'bn', 'Project Details', '  ', '2020-12-30 09:21:21', '2020-12-31 11:16:46'),
(5041, 'bn', 'Go To Task Board', '  ', '2020-12-30 09:21:21', '2020-12-30 11:10:29'),
(5042, 'bn', 'Timeout', ' ', '2020-12-30 09:21:21', '2020-12-31 21:41:04'),
(5043, 'bn', 'Select staff', '  ', '2020-12-30 09:21:21', '2020-12-31 12:20:40'),
(5044, 'bn', 'Task Board', ' ', '2020-12-30 09:21:21', '2020-12-31 21:05:37'),
(5045, 'bn', 'Milestones View', ' ', '2020-12-30 09:21:21', '2020-12-31 09:53:43'),
(5046, 'bn', 'Add New List', '   ', '2020-12-30 09:21:21', '2020-12-30 09:30:28'),
(5047, 'bn', 'New List Name', '  ', '2020-12-30 09:21:21', '2020-12-31 10:05:38'),
(5048, 'bn', 'Task Form', ' ', '2020-12-30 09:21:21', '2020-12-31 21:06:12'),
(5049, 'bn', 'Task Name', ' ', '2020-12-30 09:21:21', '2020-12-31 21:07:50'),
(5050, 'bn', 'Date', '', '2020-12-30 09:21:21', '2020-12-30 10:19:10'),
(5051, 'bn', 'Time', '', '2020-12-30 09:21:21', '2020-12-31 21:38:15'),
(5052, 'bn', 'Change Task Status', '   ', '2020-12-30 09:21:21', '2020-12-30 09:53:00'),
(5053, 'bn', 'Task is completed', '  ', '2020-12-30 09:21:21', '2020-12-31 21:09:11'),
(5054, 'bn', 'Move the task', ' ', '2020-12-30 09:21:21', '2020-12-31 09:56:54'),
(5055, 'bn', 'Invite to Task', '  ', '2020-12-30 09:21:21', '2020-12-30 11:17:11'),
(5056, 'bn', 'Task Activity', ' ', '2020-12-30 09:21:21', '2020-12-31 21:04:06'),
(5057, 'bn', 'Comments', '', '2020-12-30 09:21:21', '2020-12-30 10:00:38'),
(5058, 'bn', 'Attachment', '', '2020-12-30 09:21:21', '2020-12-30 09:39:00'),
(5059, 'bn', 'Attachment Form', ' ', '2020-12-30 09:21:21', '2020-12-30 09:39:24'),
(5060, 'bn', 'Upload', '', '2020-12-30 09:21:21', '2020-12-31 21:54:45'),
(5061, 'bn', 'You did not activated this project', '     ', '2020-12-30 09:21:21', '2020-12-31 22:10:15'),
(5062, 'bn', 'You are not connected in this project', '    ', '2020-12-30 09:21:21', '2020-12-31 22:08:52'),
(5063, 'bn', 'Add a task', '   ', '2020-12-30 09:21:21', '2020-12-31 22:21:43'),
(5064, 'bn', 'This task is incomplete', '  ', '2020-12-30 09:21:21', '2020-12-31 21:34:25'),
(5065, 'bn', 'This task is timeout', '    ', '2020-12-30 09:21:21', '2020-12-31 21:37:32'),
(5066, 'bn', 'This task is complete', '   ', '2020-12-30 09:21:21', '2020-12-31 21:33:34'),
(5067, 'bn', 'Move', '', '2020-12-30 09:21:21', '2020-12-31 09:54:46'),
(5068, 'bn', 'Add Staff', '  ', '2020-12-30 09:21:21', '2020-12-30 09:31:28'),
(5069, 'bn', 'Please choose the files to upload', '       ', '2020-12-30 09:21:21', '2020-12-31 11:11:10'),
(5070, 'bn', 'Total Records', ' ', '2020-12-30 09:21:21', '2020-12-31 21:50:45'),
(5071, 'bn', 'Global Setting', ' ', '2020-12-30 09:21:21', '2020-12-30 11:09:39'),
(5072, 'bn', 'Google reCAPTCHA', ' ', '2020-12-30 09:21:21', '2020-12-30 11:10:58'),
(5073, 'bn', 'Mail Setting', ' ', '2020-12-30 09:21:21', '2020-12-30 11:52:02'),
(5074, 'bn', 'Company Name', ' ', '2020-12-30 09:21:21', '2020-12-30 10:01:27'),
(5075, 'bn', 'Company Title', ' ', '2020-12-30 09:21:21', '2020-12-30 10:02:38'),
(5076, 'bn', 'Site URL', ' ', '2020-12-30 09:21:21', '2020-12-31 12:25:25'),
(5077, 'bn', 'Time Zone', ' ', '2020-12-30 09:21:21', '2020-12-31 21:39:56'),
(5078, 'bn', 'Theme color', ' ', '2020-12-30 09:21:21', '2020-12-31 21:23:59'),
(5079, 'bn', 'Favicon', '', '2020-12-30 09:21:21', '2020-12-30 11:07:17'),
(5080, 'bn', 'Logo', '', '2020-12-30 09:21:21', '2020-12-30 11:49:06'),
(5081, 'bn', 'The logo must be a file of type png', '      ', '2020-12-30 09:21:21', '2020-12-31 21:14:27'),
(5082, 'bn', 'Enable/Disable', '/', '2020-12-30 09:21:21', '2020-12-30 11:02:31'),
(5083, 'bn', 'Site Key', ' ', '2020-12-30 09:21:21', '2020-12-31 12:23:45'),
(5084, 'bn', 'Secret Key', ' ', '2020-12-30 09:21:21', '2020-12-31 12:20:07'),
(5085, 'bn', 'System Mail Address', '  ', '2020-12-30 09:21:21', '2020-12-31 21:02:57'),
(5086, 'bn', 'The mail address must be a admin e-mail address', '       ', '2020-12-30 09:21:21', '2020-12-31 21:15:38'),
(5087, 'bn', 'Administrator Recipient Mail Address', '   ', '2020-12-30 09:21:21', '2020-12-30 09:35:24'),
(5088, 'bn', 'Subject', '', '2020-12-30 09:21:21', '2020-12-31 20:59:59'),
(5089, 'bn', 'Body', '', '2020-12-30 09:21:21', '2020-12-30 09:44:40'),
(5090, 'bn', 'Mail Templates', ' ', '2020-12-30 09:21:21', '2020-12-30 12:14:30'),
(5091, 'bn', 'Live Meeting', ' ', '2020-12-30 09:21:21', '2020-12-30 11:44:53'),
(5092, 'bn', 'Previous Meeting', ' ', '2020-12-30 09:21:21', '2020-12-31 11:15:15'),
(5093, 'bn', 'Zoom Settings', ' ', '2020-12-30 09:21:21', '2020-12-31 22:16:08'),
(5094, 'bn', 'New Meeting', ' ', '2020-12-30 09:21:21', '2020-12-31 10:06:21'),
(5095, 'bn', 'SL', '', '2020-12-30 09:21:21', '2020-12-31 12:15:31'),
(5096, 'bn', 'Meeting Topic', ' ', '2020-12-30 09:21:21', '2020-12-30 12:25:24'),
(5097, 'bn', 'Start Time', ' ', '2020-12-30 09:21:21', '2020-12-31 12:51:19'),
(5098, 'bn', 'Meeting ID', ' ', '2020-12-30 09:21:21', '2020-12-30 12:19:38'),
(5099, 'bn', 'Invitation', '', '2020-12-30 09:21:21', '2020-12-30 11:16:21'),
(5100, 'bn', 'Start', '', '2020-12-30 09:21:21', '2020-12-31 12:49:05'),
(5101, 'bn', 'Action', '', '2020-12-30 09:21:21', '2020-12-30 09:52:02'),
(5102, 'bn', 'Meeting Date', ' ', '2020-12-30 09:21:21', '2020-12-30 12:17:08'),
(5103, 'bn', 'Duration', '', '2020-12-30 09:21:21', '2020-12-30 10:53:07'),
(5104, 'bn', 'Video Settings', ' ', '2020-12-30 09:21:21', '2020-12-31 21:56:35'),
(5105, 'bn', 'Host Video On/Off', '  /', '2020-12-30 09:21:21', '2020-12-30 11:12:29'),
(5106, 'bn', 'Participant Video On/Off', '   / ', '2020-12-30 09:21:21', '2020-12-31 11:04:25'),
(5107, 'bn', 'Meeting Options', ' ', '2020-12-30 09:21:21', '2020-12-30 12:23:09'),
(5108, 'bn', 'Enable join before host', '    ', '2020-12-30 09:21:21', '2020-12-30 10:59:29'),
(5109, 'bn', 'Mute participants upon entry', '    ', '2020-12-30 09:21:21', '2020-12-31 09:57:26'),
(5110, 'bn', 'Join', '', '2020-12-30 09:21:21', '2020-12-30 11:36:33'),
(5111, 'bn', 'Meeting Invitation', ' ', '2020-12-30 09:21:21', '2020-12-30 12:21:50'),
(5112, 'bn', 'Staff/Client', ' / ', '2020-12-30 09:21:21', '2020-12-31 12:45:48'),
(5113, 'bn', 'Staff/Client List', ' /  ', '2020-12-30 09:21:21', '2020-12-31 12:46:25'),
(5114, 'bn', 'New meeting creation failed', '    ', '2020-12-30 09:21:21', '2020-12-31 10:12:03'),
(5115, 'bn', 'New meeting created successfully', '    ', '2020-12-30 09:21:21', '2021-01-01 06:26:01'),
(5116, 'bn', 'Meeting update failed', '   ', '2020-12-30 09:21:21', '2020-12-31 09:48:03'),
(5117, 'bn', 'Meeting updated successfully', '   ', '2020-12-30 09:21:21', '2021-01-01 06:25:45'),
(5118, 'bn', 'Meeting deleted successfully', '   ', '2020-12-30 09:21:21', '2021-01-01 06:25:33'),
(5119, 'bn', 'Select staff/client', ' /   ', '2020-12-30 09:21:21', '2020-12-31 12:46:01'),
(5120, 'bn', 'Meeting', '', '2020-12-30 09:21:21', '2020-12-30 12:15:13'),
(5121, 'bn', 'Join Zoom Meeting', '  ', '2020-12-30 09:21:21', '2020-12-30 11:38:38'),
(5122, 'bn', 'Passcode', '', '2020-12-30 09:21:21', '2020-12-31 11:05:38'),
(5123, 'bn', 'minutes', '', '2020-12-30 09:21:21', '2020-12-31 22:18:12'),
(5124, 'bn', 'Zoom API Secret', '  ', '2020-12-30 09:21:21', '2020-12-31 22:14:39'),
(5125, 'bn', 'Zoom API Key', '  ', '2020-12-30 09:21:21', '2020-12-31 22:13:45'),
(5126, 'bn', 'Join Meeting', ' ', '2020-12-30 09:21:21', '2020-12-30 11:37:48'),
(5127, 'bn', 'Languages', '', '2020-12-30 09:21:21', '2020-12-30 11:43:41'),
(5128, 'bn', 'Language Keywords', ' ', '2020-12-30 09:21:21', '2020-12-30 11:40:24'),
(5129, 'bn', 'Add New', '  ', '2020-12-30 09:21:21', '2020-12-30 09:29:57'),
(5130, 'bn', 'Language Code', ' ', '2020-12-30 09:21:21', '2020-12-30 11:39:01'),
(5131, 'bn', 'Language Name', ' ', '2020-12-30 09:21:21', '2020-12-30 11:41:27'),
(5132, 'bn', 'Active Language', ' ', '2020-12-30 09:21:21', '2020-12-30 09:26:43'),
(5133, 'bn', 'Enable', '', '2020-12-30 09:21:21', '2020-12-30 10:58:26'),
(5134, 'bn', 'Disable', '', '2020-12-30 09:21:21', '2020-12-30 11:00:13'),
(5135, 'bn', 'Language Key', ' ', '2020-12-30 09:21:21', '2020-12-30 11:40:00'),
(5136, 'bn', 'Language Value', ' ', '2020-12-30 09:21:21', '2020-12-30 11:42:28'),
(5137, 'bn', 'You do not have permission to access this page', '     ', '2020-12-30 09:21:21', '2020-12-31 22:11:14'),
(5138, 'bn', 'Register', '', '2020-12-30 09:21:21', '2020-12-31 11:25:30'),
(5139, 'bn', 'Back to login', '  ', '2020-12-30 09:21:21', '2020-12-30 09:40:49'),
(5140, 'bn', 'Name', '', '2020-12-30 09:21:21', '2020-12-31 09:59:18'),
(5141, 'bn', 'Confirm Password', '  ', '2020-12-30 09:21:21', '2020-12-30 10:07:43'),
(5142, 'bn', 'The recaptcha field is required', '  ', '2020-12-30 09:21:21', '2021-01-03 10:18:04'),
(5143, 'bn', 'Thanks! You have signed up successfully. Please contact administrator.', '!         ', '2020-12-30 09:21:21', '2020-12-31 21:10:36'),
(5144, 'bn', 'Oops! You are failed registration. Please reload the page and try again.', '!          ', '2020-12-30 09:21:21', '2020-12-31 11:03:41'),
(5145, 'bn', 'Enter your email address below and we will send you a link to reset your password', '                ', '2020-12-30 09:21:21', '2020-12-30 11:05:49'),
(5146, 'bn', 'Reset Password', '  ', '2020-12-30 09:21:21', '2020-12-31 11:28:28'),
(5147, 'bn', 'We can not find a user with that email address', '          ', '2020-12-30 09:21:21', '2020-12-31 22:02:45'),
(5148, 'bn', 'We have emailed your password reset link!', '      !', '2020-12-30 09:21:21', '2020-12-31 22:04:01'),
(5149, 'bn', 'The email field is required', '  ', '2020-12-30 09:21:21', '2020-12-31 21:11:20'),
(5150, 'bn', 'This password reset token is invalid', '     ', '2020-12-30 09:21:21', '2020-12-31 21:30:50'),
(5151, 'bn', 'Your password changed successfully', '    ', '2020-12-30 09:21:21', '2020-12-31 22:12:16'),
(5152, 'bn', 'Oops! You are failed change password. Please try again', '!        .', '2020-12-30 09:21:21', '2020-12-31 11:02:21'),
(5153, 'bn', 'Oops! You are failed change password request. Please try again', '!           ', '2020-12-30 09:21:21', '2020-12-31 10:18:50'),
(5154, 'bn', 'You are not active yet. Please contact administrator.', '       ', '2020-12-30 09:21:21', '2020-12-31 22:07:53'),
(5155, 'bn', 'All Payment Milestones', '  ', '2020-12-30 09:21:21', '2020-12-30 09:35:53'),
(5156, 'bn', 'New Milestone', ' ', '2020-12-30 09:21:21', '2020-12-31 10:07:42'),
(5157, 'bn', 'Invoice No', ' ', '2020-12-30 09:21:21', '2020-12-30 11:36:00'),
(5158, 'bn', 'Title', '', '2020-12-30 09:21:21', '2020-12-31 21:45:14'),
(5159, 'bn', 'Deadline', ' ', '2020-12-30 09:21:21', '2020-12-30 10:20:13'),
(5160, 'bn', 'Amount', '', '2020-12-30 09:21:21', '2020-12-30 09:37:01'),
(5161, 'bn', 'Invoice', '', '2020-12-30 09:21:21', '2020-12-30 11:34:56'),
(5162, 'bn', 'Bill From', ' ', '2020-12-30 09:21:21', '2020-12-30 09:41:59'),
(5163, 'bn', 'To', '', '2020-12-30 09:21:21', '2021-01-03 10:14:24'),
(5164, 'bn', 'Milestone', '', '2020-12-30 09:21:21', '2021-01-03 10:14:00'),
(5165, 'bn', 'Total', '', '2020-12-30 09:21:21', '2021-01-03 10:14:36'),
(5166, 'bn', 'invoice-footer-1', 'Thank you for your business!', '2020-12-30 09:21:21', '2021-01-03 10:02:33'),
(5167, 'bn', 'invoice-footer-2', 'If you have any questions about this invoice, please contact', '2020-12-30 09:21:21', '2021-01-03 10:02:59'),
(5168, 'bn', 'View invoice', ' ', '2020-12-30 09:21:21', '2020-12-31 22:00:37'),
(5169, 'bn', 'Due Date', ' ', '2020-12-30 09:21:21', '2020-12-30 10:51:38'),
(5170, 'bn', 'Subtotal', ' ', '2020-12-30 09:21:21', '2021-01-03 10:15:29'),
(5171, 'bn', 'Inprogress', '', '2020-12-30 09:21:21', '2020-12-30 11:14:10'),
(5172, 'bn', 'Completed', '', '2020-12-30 09:21:21', '2020-12-30 10:03:08'),
(5173, 'bn', 'Chat', '', '2020-12-30 09:21:21', '2020-12-30 09:54:04'),
(5174, 'bn', 'Attach files', ' ', '2020-12-30 09:21:21', '2020-12-30 09:37:45'),
(5175, 'bn', 'Welcome', '', '2020-12-30 09:21:21', '2020-12-31 22:06:35'),
(5176, 'bn', 'Newer Messages', '  ', '2020-12-30 09:21:21', '2020-12-31 10:14:31'),
(5177, 'bn', 'Older Messages', ' ', '2020-12-30 09:21:21', '2020-12-31 10:16:10'),
(5178, 'bn', 'Download', '', '2020-12-30 09:21:21', '2020-12-30 10:50:43'),
(5179, 'bn', 'Today', '', '2020-12-30 09:21:21', '2020-12-31 21:47:49'),
(5180, 'bn', 'New', '', '2020-12-30 09:21:21', '2020-12-31 10:02:07'),
(5181, 'bn', 'New message', ' ', '2020-12-30 09:21:21', '2020-12-31 10:12:32'),
(5182, 'bn', 'Admin', '', '2020-12-30 09:21:21', '2020-12-30 09:34:01'),
(5183, 'bn', 'Stripe Settings', ' ', '2020-12-30 09:21:21', '2020-12-31 12:58:40'),
(5184, 'bn', 'Stripe Key', ' ', '2020-12-30 09:21:21', '2020-12-31 12:55:30'),
(5185, 'bn', 'Stripe Secret', ' ', '2020-12-30 09:21:21', '2020-12-31 12:57:04'),
(5186, 'bn', 'Name on Card', '  ', '2020-12-30 09:21:21', '2020-12-31 10:00:28'),
(5187, 'bn', 'Enter your card information', '    ', '2020-12-30 09:21:21', '2020-12-30 11:04:21'),
(5188, 'bn', 'Card Information', '  ', '2020-12-30 09:21:21', '2020-12-30 09:49:27'),
(5189, 'bn', 'Payment Method', ' ', '2020-12-30 09:21:21', '2020-12-31 11:07:53'),
(5190, 'bn', 'Click here', '  ', '2020-12-30 09:21:21', '2020-12-30 09:55:22'),
(5191, 'bn', 'Please provide stripe information', '      ', '2020-12-30 09:21:21', '2020-12-31 11:13:09'),
(5192, 'bn', 'Please type valid card number', '      ', '2020-12-30 09:21:21', '2020-12-31 11:14:04'),
(5193, 'bn', 'Purchase Code', ' ', '2020-12-30 09:21:21', '2020-12-31 11:25:05'),
(5194, 'bn', 'Register Theme', '  ', '2020-12-30 09:21:21', '2020-12-31 11:26:48'),
(5195, 'bn', 'Theme is registered', '  ', '2020-12-30 09:21:21', '2020-12-31 21:28:33'),
(5196, 'bn', 'Deregister Theme', '   ', '2020-12-30 09:21:21', '2020-12-30 10:22:35'),
(5197, 'bn', 'Do you really want to deregister the theme', '       ?', '2020-12-30 09:21:21', '2020-12-30 10:41:42'),
(5198, 'bn', 'Theme registered Successfully', '   ', '2020-12-30 09:21:21', '2020-12-31 21:29:06'),
(5199, 'bn', 'Theme deregister Successfully', '    ', '2020-12-30 09:21:21', '2020-12-31 21:26:51'),
(5200, 'bn', 'Sorry, This is not a valid purchase code.', ',      ', '2020-12-30 09:21:21', '2020-12-31 12:29:37'),
(5201, 'bn', 'Theme Register', ' ', '2020-12-30 09:21:21', '2020-12-31 21:23:09'),
(5213, 'fr', 'Email Address', 'Adresse e-mail', '2020-12-30 09:21:58', '2020-12-30 10:57:37'),
(5214, 'fr', 'Password', 'Mot de passe', '2020-12-30 09:21:58', '2020-12-31 11:06:54'),
(5215, 'fr', 'Remember me', 'Souviens-toi de moi', '2020-12-30 09:21:58', '2020-12-31 11:27:42'),
(5216, 'fr', 'Forgot your password?', 'Mot de passe oubli?', '2020-12-30 09:21:58', '2020-12-30 11:08:29'),
(5217, 'fr', 'Sign up for an account', 'Crez un compte', '2020-12-30 09:21:58', '2020-12-31 12:22:47'),
(5218, 'fr', 'This is alert message', 'Ceci est un message d\'alerte', '2020-12-30 09:21:58', '2020-12-31 21:29:53'),
(5219, 'fr', 'Login', 'S\'identifier', '2020-12-30 09:21:58', '2020-12-30 11:48:29'),
(5220, 'fr', 'Dashboard', 'Tableau de bord', '2020-12-30 09:21:58', '2020-12-30 10:17:25'),
(5221, 'fr', 'Projects', 'Projets', '2020-12-30 09:21:58', '2020-12-31 11:20:35'),
(5222, 'fr', 'Client', 'Cliente', '2020-12-30 09:21:58', '2020-12-30 09:56:00'),
(5223, 'fr', 'Staff', 'Personnel', '2020-12-30 09:21:58', '2020-12-31 12:31:35'),
(5224, 'fr', 'Zoom Meeting', 'Runion Zoom', '2020-12-30 09:21:58', '2020-12-31 22:15:32'),
(5225, 'fr', 'Settings', 'Rglages', '2020-12-30 09:21:58', '2020-12-31 12:22:15'),
(5226, 'fr', 'Edit Profile', 'Editer le profil', '2020-12-30 09:21:58', '2020-12-30 10:57:11'),
(5227, 'fr', 'Logout', 'Se dconnecter', '2020-12-30 09:21:58', '2020-12-30 11:50:46'),
(5228, 'fr', 'Total Projects', 'Total des projets', '2020-12-30 09:21:58', '2020-12-31 21:50:05'),
(5229, 'fr', 'Inprogress Projects', 'Projets en cours', '2020-12-30 09:21:58', '2020-12-30 11:15:23'),
(5230, 'fr', 'Timeout Projects', 'Projets de temporisation', '2020-12-30 09:21:58', '2020-12-31 21:42:54'),
(5231, 'fr', 'Completed Projects', 'Projets achevs', '2020-12-30 09:21:58', '2020-12-30 10:04:58'),
(5232, 'fr', 'Total Tasks', 'Total des tches', '2020-12-30 09:21:58', '2020-12-31 21:51:24'),
(5233, 'fr', 'Doing Tasks', 'Faire des tches', '2020-12-30 09:21:58', '2020-12-30 10:49:57'),
(5234, 'fr', 'Timeout Tasks', 'Tches d\'expiration', '2020-12-30 09:21:58', '2020-12-31 21:43:33'),
(5235, 'fr', 'Completed Tasks', 'Tches termines', '2020-12-30 09:21:58', '2020-12-30 10:06:02'),
(5236, 'fr', 'Projects Status', 'Statut des projets', '2020-12-30 09:21:58', '2020-12-31 11:23:30');
INSERT INTO `lankeyvalues` (`id`, `language_code`, `language_key`, `language_value`, `created_at`, `updated_at`) VALUES
(5237, 'fr', 'Staffs Status', 'Statut du personnel', '2020-12-30 09:21:58', '2020-12-31 12:47:41'),
(5238, 'fr', 'Projects List', 'Liste des projets', '2020-12-30 09:21:58', '2020-12-31 11:18:31'),
(5239, 'fr', 'Project Name', 'nom du projet', '2020-12-30 09:21:58', '2020-12-31 11:19:42'),
(5240, 'fr', 'Created By', 'Cr par', '2020-12-30 09:21:58', '2020-12-30 10:15:55'),
(5241, 'fr', 'Start Date', 'Date de dbut', '2020-12-30 09:21:58', '2020-12-31 12:50:15'),
(5242, 'fr', 'End Date', 'Date de fin', '2020-12-30 09:21:58', '2020-12-30 11:03:24'),
(5243, 'fr', 'Status', 'Statut', '2020-12-30 09:21:58', '2020-12-31 12:53:51'),
(5244, 'fr', 'Milestones', 'Jalons', '2020-12-30 09:21:58', '2020-12-31 09:50:59'),
(5245, 'fr', 'Client List', 'Liste des clients', '2020-12-30 09:21:58', '2020-12-30 09:57:57'),
(5246, 'fr', 'Client/Country', 'Client / Pays', '2020-12-30 09:21:58', '2020-12-30 10:00:00'),
(5247, 'fr', 'E-mail/Phone', 'E-mail/Tlphone', '2020-12-30 09:21:58', '2020-12-30 10:54:04'),
(5248, 'fr', 'Photos', 'Photos', '2020-12-30 09:21:58', '2020-12-31 11:10:07'),
(5249, 'fr', 'Upcoming Meeting', 'Prochaine runion', '2020-12-30 09:21:58', '2020-12-31 21:53:57'),
(5250, 'fr', 'New Client', 'Nouvelle cliente', '2020-12-30 09:21:58', '2020-12-31 10:03:11'),
(5251, 'fr', 'Back to List', 'Retour  la liste', '2020-12-30 09:21:58', '2020-12-30 09:40:05'),
(5252, 'fr', 'Client Entry Form', 'Formulaire d\'inscription du client', '2020-12-30 09:21:58', '2020-12-30 09:56:37'),
(5253, 'fr', 'Client Name', 'Nom du client', '2020-12-30 09:21:58', '2020-12-30 09:58:21'),
(5254, 'fr', 'Phone', 'Tlphone', '2020-12-30 09:21:58', '2020-12-31 11:08:45'),
(5255, 'fr', 'Skype id', 'Identifiant Skype', '2020-12-30 09:21:58', '2020-12-31 12:26:32'),
(5256, 'fr', 'Facebook id', 'Facebook ID', '2020-12-30 09:21:58', '2020-12-30 11:06:38'),
(5257, 'fr', 'URL', 'URL', '2020-12-30 09:21:58', '2020-12-30 09:21:58'),
(5258, 'fr', 'City', 'Ville', '2020-12-30 09:21:58', '2020-12-30 09:54:45'),
(5259, 'fr', 'State', 'Etat', '2020-12-30 09:21:58', '2020-12-31 12:53:13'),
(5260, 'fr', 'Zip Code', 'Code postal', '2020-12-30 09:21:58', '2020-12-31 22:13:04'),
(5261, 'fr', 'Country', 'Pays', '2020-12-30 09:21:58', '2020-12-30 10:08:30'),
(5262, 'fr', 'Address', 'Adresse', '2020-12-30 09:21:58', '2020-12-30 09:33:19'),
(5263, 'fr', 'Active/Inactive', 'Actif inactif', '2020-12-30 09:21:58', '2020-12-30 09:27:43'),
(5264, 'fr', 'Upload your profile photo', 'Tlchargez votre photo de profil', '2020-12-30 09:21:58', '2020-12-31 21:55:48'),
(5265, 'fr', 'The profile image must be a file of type jpg', 'L\'image de profil doit tre un fichier de type jpg', '2020-12-30 09:21:58', '2020-12-31 21:17:31'),
(5266, 'fr', 'Save', 'sauver', '2020-12-30 09:21:58', '2020-12-31 12:18:18'),
(5267, 'fr', 'Cancel', 'Annuler', '2020-12-30 09:21:58', '2020-12-30 09:48:29'),
(5268, 'fr', 'Profile', 'Profil', '2020-12-30 09:21:58', '2020-12-31 11:15:58'),
(5269, 'fr', 'The file uploaded Successfully', 'Le fichier a bien t tlvers', '2020-12-30 09:21:58', '2020-12-31 21:13:35'),
(5270, 'fr', 'Sorry, there was an error uploading your file', 'Dsol, une erreur s\'est produite lors du tlchargement de votre fichier', '2020-12-30 09:21:58', '2020-12-31 12:30:26'),
(5271, 'fr', 'Sorry only you can upload jpg, png and gif file type', 'Dsol, vous seul pouvez tlcharger des fichiers de type jpg, png et gif', '2020-12-30 09:21:58', '2020-12-31 12:28:38'),
(5272, 'fr', 'Sorry file size exceeding from 1 Mb', 'Dsol, la taille du fichier dpasse 1 Mo', '2020-12-30 09:21:58', '2020-12-31 12:26:57'),
(5273, 'fr', 'Active', 'Actif', '2020-12-30 09:21:58', '2020-12-30 09:28:42'),
(5274, 'fr', 'Inactive', 'Inactif', '2020-12-30 09:21:58', '2020-12-30 11:13:30'),
(5275, 'fr', 'View', 'Vue', '2020-12-30 09:21:58', '2020-12-31 21:57:43'),
(5276, 'fr', 'Edit', 'diter', '2020-12-30 09:21:58', '2020-12-30 10:54:44'),
(5277, 'fr', 'Delete', 'Effacer', '2020-12-30 09:21:58', '2020-12-30 10:21:03'),
(5278, 'fr', 'No data available', 'Pas de donnes disponibles', '2020-12-30 09:21:58', '2020-12-31 10:15:23'),
(5279, 'fr', 'Do you really want to edit this record', 'Voulez-vous vraiment modifier cet enregistrement?', '2020-12-30 09:21:58', '2020-12-30 10:42:30'),
(5280, 'fr', 'Do you really want to delete this record', 'Voulez-vous vraiment supprimer cet enregistrement?', '2020-12-30 09:21:58', '2020-12-30 10:39:58'),
(5281, 'fr', 'Staff List', 'Liste du personnel', '2020-12-30 09:21:58', '2020-12-31 12:43:36'),
(5282, 'fr', 'New staff', 'Nouvelle quipe', '2020-12-30 09:21:58', '2020-12-31 10:13:11'),
(5283, 'fr', 'Staff Entry Form', 'Formulaire d\'inscription du personnel', '2020-12-30 09:21:58', '2020-12-31 12:33:26'),
(5284, 'fr', 'Staff Name', 'Nom du personnel', '2020-12-30 09:21:58', '2020-12-31 12:44:41'),
(5285, 'fr', 'Designation', 'La dsignation', '2020-12-30 09:21:58', '2020-12-30 10:24:22'),
(5286, 'fr', 'Roles', 'Les rles', '2020-12-30 09:21:58', '2020-12-31 12:14:29'),
(5287, 'fr', 'Project List', 'Liste des projets', '2020-12-30 09:21:58', '2020-12-31 11:18:19'),
(5288, 'fr', 'New Project', 'Nouveau projet', '2020-12-30 09:21:58', '2020-12-31 10:08:45'),
(5289, 'fr', 'Project Entry Form', 'Formulaire d\'inscription au projet', '2020-12-30 09:21:58', '2020-12-31 11:17:37'),
(5290, 'fr', 'Budget', 'Budget', '2020-12-30 09:21:58', '2020-12-30 09:47:24'),
(5291, 'fr', 'Currency', '$', '2020-12-30 09:21:58', '2020-12-30 10:17:03'),
(5292, 'fr', 'Description', 'La description', '2020-12-30 09:21:58', '2020-12-30 10:23:08'),
(5293, 'fr', 'Invite to project', 'Inviter  projet', '2020-12-30 09:21:58', '2020-12-30 11:17:51'),
(5294, 'fr', 'Photo', 'Photo', '2020-12-30 09:21:58', '2020-12-30 09:21:58'),
(5295, 'fr', 'Project Details', 'dtails du projet', '2020-12-30 09:21:58', '2020-12-31 11:16:24'),
(5296, 'fr', 'Go To Task Board', 'Aller au tableau des tches', '2020-12-30 09:21:58', '2020-12-30 11:10:10'),
(5297, 'fr', 'Timeout', 'Temps libre', '2020-12-30 09:21:58', '2020-12-31 21:40:38'),
(5298, 'fr', 'Select staff', 'Slectionnez le personnel', '2020-12-30 09:21:58', '2020-12-31 12:20:56'),
(5299, 'fr', 'Task Board', 'Tableau des tches', '2020-12-30 09:21:58', '2020-12-31 21:05:09'),
(5300, 'fr', 'Milestones View', 'Vue des jalons', '2020-12-30 09:21:58', '2020-12-31 09:53:21'),
(5301, 'fr', 'Add New List', 'Ajouter une nouvelle liste', '2020-12-30 09:21:58', '2020-12-30 09:30:47'),
(5302, 'fr', 'New List Name', 'Nouveau nom de liste', '2020-12-30 09:21:58', '2020-12-31 10:05:14'),
(5303, 'fr', 'Task Form', 'Formulaire de tche', '2020-12-30 09:21:58', '2020-12-31 21:06:31'),
(5304, 'fr', 'Task Name', 'Nom de la tche', '2020-12-30 09:21:58', '2020-12-31 21:07:23'),
(5305, 'fr', 'Date', 'Date', '2020-12-30 09:21:58', '2020-12-30 10:19:30'),
(5306, 'fr', 'Time', 'Temps', '2020-12-30 09:21:58', '2020-12-31 21:38:38'),
(5307, 'fr', 'Change Task Status', 'Modifier l\'tat de la tche', '2020-12-30 09:21:58', '2020-12-30 09:53:16'),
(5308, 'fr', 'Task is completed', 'La tche est termine', '2020-12-30 09:21:58', '2020-12-31 21:09:38'),
(5309, 'fr', 'Move the task', 'Dplacer la tche', '2020-12-30 09:21:58', '2020-12-31 09:56:29'),
(5310, 'fr', 'Invite to Task', 'Inviter  une tche', '2020-12-30 09:21:58', '2020-12-30 11:17:28'),
(5311, 'fr', 'Task Activity', 'Activit de tche', '2020-12-30 09:21:58', '2020-12-31 21:04:39'),
(5312, 'fr', 'Comments', 'commentaires', '2020-12-30 09:21:58', '2020-12-30 10:00:20'),
(5313, 'fr', 'Attachment', 'Attachement', '2020-12-30 09:21:58', '2020-12-30 09:38:43'),
(5314, 'fr', 'Attachment Form', 'Formulaire de pice jointe', '2020-12-30 09:21:58', '2020-12-30 09:39:41'),
(5315, 'fr', 'Upload', 'Tlcharger', '2020-12-30 09:21:58', '2020-12-31 21:55:07'),
(5316, 'fr', 'You did not activated this project', 'Vous n\'avez pas activ ce projet', '2020-12-30 09:21:58', '2020-12-31 22:09:36'),
(5317, 'fr', 'You are not connected in this project', 'Vous n\'tes pas connect  ce projet', '2020-12-30 09:21:58', '2020-12-31 22:09:08'),
(5318, 'fr', 'Add a task', 'Ajouter une tche', '2020-12-30 09:21:58', '2020-12-30 09:32:11'),
(5319, 'fr', 'This task is incomplete', 'Cette tche est incomplte', '2020-12-30 09:21:58', '2020-12-31 21:34:43'),
(5320, 'fr', 'This task is timeout', 'Cette tche a expir', '2020-12-30 09:21:58', '2020-12-31 21:36:35'),
(5321, 'fr', 'This task is complete', 'Cette tche est termine', '2020-12-30 09:21:58', '2020-12-31 21:31:46'),
(5322, 'fr', 'Move', 'Bouge toi', '2020-12-30 09:21:58', '2020-12-31 09:55:30'),
(5323, 'fr', 'Add Staff', 'Ajouter du personnel', '2020-12-30 09:21:58', '2020-12-30 09:31:12'),
(5324, 'fr', 'Please choose the files to upload', 'Veuillez choisir les fichiers  tlcharger', '2020-12-30 09:21:58', '2020-12-31 11:11:29'),
(5325, 'fr', 'Total Records', 'Total des enregistrements', '2020-12-30 09:21:58', '2020-12-31 21:50:29'),
(5326, 'fr', 'Global Setting', 'Paramtre gnral', '2020-12-30 09:21:58', '2020-12-30 11:08:52'),
(5327, 'fr', 'Google reCAPTCHA', 'Google reCAPTCHA', '2020-12-30 09:21:58', '2020-12-30 11:11:36'),
(5328, 'fr', 'Mail Setting', 'Paramtres de messagerie', '2020-12-30 09:21:58', '2020-12-30 11:52:49'),
(5329, 'fr', 'Company Name', 'Nom de la compagnie', '2020-12-30 09:21:58', '2020-12-30 10:01:55'),
(5330, 'fr', 'Company Title', 'Titre de l\'entreprise', '2020-12-30 09:21:58', '2020-12-30 10:02:17'),
(5331, 'fr', 'Site URL', 'Site URL', '2020-12-30 09:21:58', '2020-12-30 09:21:58'),
(5332, 'fr', 'Time Zone', 'Fuseau horaire', '2020-12-30 09:21:58', '2020-12-31 21:39:06'),
(5333, 'fr', 'Theme color', 'Couleur du thme', '2020-12-30 09:21:58', '2020-12-31 21:23:44'),
(5334, 'fr', 'Favicon', 'Favicon', '2020-12-30 09:21:58', '2020-12-30 09:21:58'),
(5335, 'fr', 'Logo', 'Logo', '2020-12-30 09:21:58', '2020-12-30 09:21:58'),
(5336, 'fr', 'The logo must be a file of type png', 'Le logo doit tre un fichier de type png', '2020-12-30 09:21:58', '2020-12-31 21:14:46'),
(5337, 'fr', 'Enable/Disable', 'Activer dsactiver', '2020-12-30 09:21:58', '2020-12-30 11:02:53'),
(5338, 'fr', 'Site Key', 'Cl du site', '2020-12-30 09:21:58', '2020-12-31 12:24:04'),
(5339, 'fr', 'Secret Key', 'Clef secrte', '2020-12-30 09:21:58', '2020-12-31 12:19:08'),
(5340, 'fr', 'System Mail Address', 'Adresse de messagerie systme', '2020-12-30 09:21:58', '2020-12-31 21:02:35'),
(5341, 'fr', 'The mail address must be a admin e-mail address', 'L\'adresse e-mail doit tre une adresse e-mail d\'administrateur', '2020-12-30 09:21:58', '2020-12-31 21:15:12'),
(5342, 'fr', 'Administrator Recipient Mail Address', 'Adresse e-mail du destinataire de l\'administrateur', '2020-12-30 09:21:58', '2020-12-30 09:35:05'),
(5343, 'fr', 'Subject', 'Matire', '2020-12-30 09:21:58', '2020-12-31 20:59:42'),
(5344, 'fr', 'Body', 'Corps', '2020-12-30 09:21:58', '2020-12-30 09:46:57'),
(5345, 'fr', 'Mail Templates', 'Modles de courrier', '2020-12-30 09:21:58', '2020-12-30 12:12:29'),
(5346, 'fr', 'Live Meeting', 'Runion en direct', '2020-12-30 09:21:58', '2020-12-30 11:45:16'),
(5347, 'fr', 'Previous Meeting', 'Runion prcdente', '2020-12-30 09:21:58', '2020-12-31 11:14:52'),
(5348, 'fr', 'Zoom Settings', 'Paramtres de zoom', '2020-12-30 09:21:58', '2020-12-31 22:15:50'),
(5349, 'fr', 'New Meeting', 'Nouvelle runion', '2020-12-30 09:21:58', '2020-12-31 10:06:41'),
(5350, 'fr', 'SL', 'SL', '2020-12-30 09:21:58', '2020-12-30 09:21:58'),
(5351, 'fr', 'Meeting Topic', 'Sujet de la runion', '2020-12-30 09:21:58', '2020-12-30 12:24:10'),
(5352, 'fr', 'Start Time', 'Heure de dbut', '2020-12-30 09:21:58', '2020-12-31 12:50:44'),
(5353, 'fr', 'Meeting ID', 'ID de la runion', '2020-12-30 09:21:58', '2020-12-30 12:19:57'),
(5354, 'fr', 'Invitation', 'Invitation', '2020-12-30 09:21:58', '2020-12-30 11:16:06'),
(5355, 'fr', 'Start', 'Dbut', '2020-12-30 09:21:58', '2020-12-31 12:48:44'),
(5356, 'fr', 'Action', 'action', '2020-12-30 09:21:58', '2020-12-30 09:29:05'),
(5357, 'fr', 'Meeting Date', 'Date de la runion', '2020-12-30 09:21:58', '2020-12-30 12:17:33'),
(5358, 'fr', 'Duration', 'Dure', '2020-12-30 09:21:58', '2020-12-30 10:52:32'),
(5359, 'fr', 'Video Settings', 'Paramtres vido', '2020-12-30 09:21:58', '2020-12-31 21:57:06'),
(5360, 'fr', 'Host Video On/Off', 'Vido hte active/dsactive', '2020-12-30 09:21:58', '2020-12-30 11:12:05'),
(5361, 'fr', 'Participant Video On/Off', 'Activer / dsactiver la vido du participant', '2020-12-30 09:21:58', '2020-12-31 11:04:52'),
(5362, 'fr', 'Meeting Options', 'Options de runion', '2020-12-30 09:21:58', '2020-12-30 12:23:34'),
(5363, 'fr', 'Enable join before host', 'Activer la jointure avant l\'hte', '2020-12-30 09:21:58', '2020-12-30 10:59:08'),
(5364, 'fr', 'Mute participants upon entry', 'Couper le son des participants  l\'entre', '2020-12-30 09:21:58', '2020-12-31 09:57:48'),
(5365, 'fr', 'Join', 'Joindre', '2020-12-30 09:21:58', '2020-12-30 11:36:51'),
(5366, 'fr', 'Meeting Invitation', 'Invitation de runion', '2020-12-30 09:21:58', '2020-12-30 12:20:29'),
(5367, 'fr', 'Staff/Client', 'Personnel/Client', '2020-12-30 09:21:58', '2020-12-31 12:45:20'),
(5368, 'fr', 'Staff/Client List', 'Liste du personnel/des clients', '2020-12-30 09:21:58', '2020-12-31 12:47:02'),
(5369, 'fr', 'New meeting creation failed', 'La cration d\'une nouvelle runion a chou', '2020-12-30 09:21:58', '2020-12-31 10:11:43'),
(5370, 'fr', 'New meeting created successfully', 'Nouvelle runion cre avec succs', '2020-12-30 09:21:58', '2020-12-31 10:11:10'),
(5371, 'fr', 'Meeting update failed', 'La mise  jour de la runion a chou', '2020-12-30 09:21:58', '2020-12-31 09:47:38'),
(5372, 'fr', 'Meeting updated successfully', 'Runion mise  jour avec succs', '2020-12-30 09:21:58', '2020-12-31 09:49:17'),
(5373, 'fr', 'Meeting deleted successfully', 'Runion supprime avec succs', '2020-12-30 09:21:58', '2020-12-31 09:47:01'),
(5374, 'fr', 'Select staff/client', 'Slectionnez le personnel / client', '2020-12-30 09:21:58', '2020-12-31 12:21:19'),
(5375, 'fr', 'Meeting', 'Runion', '2020-12-30 09:21:58', '2020-12-30 12:15:48'),
(5376, 'fr', 'Join Zoom Meeting', 'Rejoindre la runion Zoom', '2020-12-30 09:21:58', '2020-12-30 11:38:15'),
(5377, 'fr', 'Passcode', 'Mot de passe', '2020-12-30 09:21:58', '2020-12-31 11:05:21'),
(5378, 'fr', 'minutes', 'minutes', '2020-12-30 09:21:58', '2020-12-30 09:21:58'),
(5379, 'fr', 'Zoom API Secret', 'Zoom API secret', '2020-12-30 09:21:58', '2020-12-31 22:14:23'),
(5380, 'fr', 'Zoom API Key', 'Cl d\'API Zoom', '2020-12-30 09:21:58', '2020-12-31 22:14:00'),
(5381, 'fr', 'Join Meeting', 'Rejoindre la runion', '2020-12-30 09:21:58', '2020-12-30 11:37:16'),
(5382, 'fr', 'Languages', 'Langues', '2020-12-30 09:21:58', '2020-12-30 11:43:27'),
(5383, 'fr', 'Language Keywords', 'Mots-cls de langue', '2020-12-30 09:21:58', '2020-12-30 11:40:47'),
(5384, 'fr', 'Add New', 'Ajouter nouveau', '2020-12-30 09:21:58', '2020-12-30 09:29:33'),
(5385, 'fr', 'Language Code', 'Code de langue', '2020-12-30 09:21:58', '2020-12-30 11:39:18'),
(5386, 'fr', 'Language Name', 'Nom de la langue', '2020-12-30 09:21:58', '2020-12-30 11:41:10'),
(5387, 'fr', 'Active Language', 'Langue active', '2020-12-30 09:21:58', '2020-12-30 09:28:10'),
(5388, 'fr', 'Enable', 'Activer', '2020-12-30 09:21:58', '2020-12-30 10:58:42'),
(5389, 'fr', 'Disable', 'Dsactiver', '2020-12-30 09:21:58', '2020-12-30 10:24:45'),
(5390, 'fr', 'Language Key', 'Cl de langue', '2020-12-30 09:21:58', '2020-12-30 11:39:42'),
(5391, 'fr', 'Language Value', 'Valeur de la langue', '2020-12-30 09:21:58', '2020-12-30 11:42:57'),
(5392, 'fr', 'You do not have permission to access this page', 'Vous n\'avez pas la permission d\'accder  cette page.', '2020-12-30 09:21:58', '2020-12-31 22:10:55'),
(5393, 'fr', 'Register', 'S\'inscrire', '2020-12-30 09:21:58', '2020-12-31 11:25:51'),
(5394, 'fr', 'Back to login', 'Retour connexion', '2020-12-30 09:21:58', '2020-12-30 09:41:19'),
(5395, 'fr', 'Name', 'Nom', '2020-12-30 09:21:58', '2020-12-31 09:59:00'),
(5396, 'fr', 'Confirm Password', 'Confirmez le mot de passe', '2020-12-30 09:21:58', '2020-12-30 10:08:06'),
(5397, 'fr', 'The recaptcha field is required', 'The recaptcha field is required.', '2020-12-30 09:21:58', '2020-12-30 09:21:58'),
(5398, 'fr', 'Thanks! You have signed up successfully. Please contact administrator.', 'Merci! Vous vous tes inscrit avec succs. Veuillez contacter l\'administrateur.', '2020-12-30 09:21:58', '2020-12-31 21:10:10'),
(5399, 'fr', 'Oops! You are failed registration. Please reload the page and try again.', 'Oops! Votre inscription a chou. Veuillez recharger la page et ressayer.', '2020-12-30 09:21:58', '2020-12-31 11:03:08'),
(5400, 'fr', 'Enter your email address below and we will send you a link to reset your password', 'Entrez votre adresse e-mail ci-dessous et nous vous enverrons un lien pour rinitialiser votre mot de passe', '2020-12-30 09:21:58', '2020-12-30 11:05:07'),
(5401, 'fr', 'Reset Password', 'rinitialiser le mot de passe', '2020-12-30 09:21:58', '2020-12-31 11:28:09'),
(5402, 'fr', 'We can not find a user with that email address', 'Nous ne pouvons pas trouver un utilisateur avec cette adresse e-mail.', '2020-12-30 09:21:58', '2020-12-31 22:01:34'),
(5403, 'fr', 'We have emailed your password reset link!', 'Nous avons envoy votre lien de rinitialisation de mot de passe!', '2020-12-30 09:21:58', '2020-12-31 22:03:27'),
(5404, 'fr', 'The email field is required', 'Le champ email est obligatoire.', '2020-12-30 09:21:58', '2020-12-31 21:11:52'),
(5405, 'fr', 'This password reset token is invalid', 'Ce jeton de rinitialisation de mot de passe n\'est pas valide.', '2020-12-30 09:21:58', '2020-12-31 21:31:12'),
(5406, 'fr', 'Your password changed successfully', 'Votre mot de passe a bien t modifi', '2020-12-30 09:21:58', '2020-12-31 22:12:34'),
(5407, 'fr', 'Oops! You are failed change password. Please try again', 'Oops! Vous n\'avez pas russi  modifier le mot de passe. Veuillez ressayer.', '2020-12-30 09:21:58', '2020-12-31 11:01:26'),
(5408, 'fr', 'Oops! You are failed change password request. Please try again', 'Oops! Votre demande de changement de mot de passe a chou. Veuillez ressayer.', '2020-12-30 09:21:58', '2020-12-31 10:17:08'),
(5409, 'fr', 'You are not active yet. Please contact administrator.', 'Vous n\'tes pas encore actif. Veuillez contacter l\'administrateur.', '2020-12-30 09:21:58', '2020-12-31 22:07:33'),
(5410, 'fr', 'All Payment Milestones', 'Tous les jalons de paiement', '2020-12-30 09:21:58', '2020-12-30 09:36:10'),
(5411, 'fr', 'New Milestone', 'Nouveau jalon', '2020-12-30 09:21:58', '2020-12-31 10:08:01'),
(5412, 'fr', 'Invoice No', 'No de facture', '2020-12-30 09:21:58', '2020-12-30 11:35:37'),
(5413, 'fr', 'Title', 'Titre', '2020-12-30 09:21:58', '2020-12-31 21:45:42'),
(5414, 'fr', 'Deadline', 'Date limite', '2020-12-30 09:21:58', '2020-12-30 10:19:54'),
(5415, 'fr', 'Amount', 'Montante', '2020-12-30 09:21:58', '2020-12-30 09:36:45'),
(5416, 'fr', 'Invoice', 'Facture d\'achat', '2020-12-30 09:21:58', '2020-12-30 11:35:13'),
(5417, 'fr', 'Bill From', 'Facturer de', '2020-12-30 09:21:58', '2020-12-30 09:41:41'),
(5418, 'fr', 'To', '', '2020-12-30 09:21:58', '2020-12-31 21:46:52'),
(5419, 'fr', 'Milestone', 'tape importante', '2020-12-30 09:21:58', '2020-12-31 09:49:44'),
(5420, 'fr', 'Total', 'Totale', '2020-12-30 09:21:58', '2020-12-31 21:48:42'),
(5421, 'fr', 'invoice-footer-1', 'Merci pour votre entreprise!', '2020-12-30 09:21:58', '2020-12-31 22:16:59'),
(5422, 'fr', 'invoice-footer-2', 'Si vous avez des questions concernant cette facture, veuillez contacter', '2020-12-30 09:21:58', '2020-12-31 22:17:23'),
(5423, 'fr', 'View invoice', 'Voir la facture', '2020-12-30 09:21:58', '2020-12-31 21:59:42'),
(5424, 'fr', 'Due Date', 'Date d\'chance', '2020-12-30 09:21:58', '2020-12-30 10:52:11'),
(5425, 'fr', 'Subtotal', 'Sous-total', '2020-12-30 09:21:58', '2020-12-31 21:02:01'),
(5426, 'fr', 'Inprogress', 'En cours', '2020-12-30 09:21:58', '2020-12-30 11:13:52'),
(5427, 'fr', 'Completed', 'Termin', '2020-12-30 09:21:58', '2020-12-30 10:03:27'),
(5428, 'fr', 'Chat', 'Bavarder', '2020-12-30 09:21:58', '2020-12-30 09:53:41'),
(5429, 'fr', 'Attach files', 'Joindre des fichiers', '2020-12-30 09:21:58', '2020-12-30 09:38:02'),
(5430, 'fr', 'Welcome', 'Bienvenue', '2020-12-30 09:21:58', '2020-12-31 22:04:41'),
(5431, 'fr', 'Newer Messages', 'Messages plus rcents', '2020-12-30 09:21:58', '2020-12-31 10:14:52'),
(5432, 'fr', 'Older Messages', 'Messages plus anciens', '2020-12-30 09:21:58', '2020-12-31 10:16:35'),
(5433, 'fr', 'Download', 'Tlcharger', '2020-12-30 09:21:58', '2020-12-30 10:50:26'),
(5434, 'fr', 'Today', 'Aujourd\'hui', '2020-12-30 09:21:58', '2020-12-31 21:48:13'),
(5435, 'fr', 'New', 'Nouvelle', '2020-12-30 09:21:58', '2020-12-31 10:01:47'),
(5436, 'fr', 'New message', 'Nouveau message', '2020-12-30 09:21:58', '2020-12-31 10:12:48'),
(5437, 'fr', 'Admin', 'Administratrice', '2020-12-30 09:21:58', '2020-12-30 09:34:30'),
(5438, 'fr', 'Stripe Settings', 'Paramtres de bande', '2020-12-30 09:21:58', '2020-12-31 12:58:59'),
(5439, 'fr', 'Stripe Key', 'Cl  rayures', '2020-12-30 09:21:58', '2020-12-31 12:55:52'),
(5440, 'fr', 'Stripe Secret', 'Stripe Secret', '2020-12-30 09:21:58', '2020-12-30 09:21:58'),
(5441, 'fr', 'Name on Card', 'Nom sur la carte', '2020-12-30 09:21:58', '2020-12-31 10:00:48'),
(5442, 'fr', 'Enter your card information', 'Entrez les informations de votre carte', '2020-12-30 09:21:58', '2020-12-30 11:04:36'),
(5443, 'fr', 'Card Information', 'Informations sur la carte', '2020-12-30 09:21:58', '2020-12-30 09:48:54'),
(5444, 'fr', 'Payment Method', 'Mode de paiement', '2020-12-30 09:21:58', '2020-12-31 11:07:23'),
(5445, 'fr', 'Click here', 'Cliquez ici', '2020-12-30 09:21:58', '2020-12-30 09:55:07'),
(5446, 'fr', 'Please provide stripe information', 'Veuillez fournir des informations sur les bandes', '2020-12-30 09:21:58', '2020-12-31 11:11:56'),
(5447, 'fr', 'Please type valid card number', 'Veuillez saisir un numro de carte valide.', '2020-12-30 09:21:58', '2020-12-31 11:14:27'),
(5448, 'fr', 'Purchase Code', 'Code d\'achat', '2020-12-30 09:21:58', '2020-12-31 11:24:17'),
(5449, 'fr', 'Register Theme', 'Enregistrer le thme', '2020-12-30 09:21:58', '2020-12-31 11:26:23'),
(5450, 'fr', 'Theme is registered', 'Le thme est enregistr', '2020-12-30 09:21:58', '2020-12-31 21:27:55'),
(5451, 'fr', 'Deregister Theme', 'Thme de dsenregistrement', '2020-12-30 09:21:58', '2020-12-30 10:21:32'),
(5452, 'fr', 'Do you really want to deregister the theme', 'Voulez-vous vraiment dsenregistrer le thme?', '2020-12-30 09:21:58', '2020-12-30 10:42:03'),
(5453, 'fr', 'Theme registered Successfully', 'Thme enregistr avec succs', '2020-12-30 09:21:58', '2020-12-31 21:29:28'),
(5454, 'fr', 'Theme deregister Successfully', 'Dsenregistrement du thme russi', '2020-12-30 09:21:58', '2020-12-31 21:27:23'),
(5455, 'fr', 'Sorry, This is not a valid purchase code.', 'Dsol, ce n\'est pas un code d\'achat valide.', '2020-12-30 09:21:58', '2020-12-31 12:29:15'),
(5456, 'fr', 'Theme Register', 'Registre des thmes', '2020-12-30 09:21:58', '2020-12-31 21:21:45'),
(5457, 'en', 'Social Media', 'Social Media', '2020-12-31 22:23:23', '2020-12-31 22:23:23'),
(5458, 'bn', 'Social Media', ' ', '2020-12-31 22:23:59', '2020-12-31 22:23:59'),
(5459, 'fr', 'Social Media', 'Des mdias sociaux', '2020-12-31 22:24:18', '2020-12-31 22:24:18'),
(5460, 'en', 'Confirm', 'Confirm', '2020-12-31 22:28:11', '2020-12-31 22:28:11'),
(5461, 'fr', 'Confirm', 'Confirmer', '2020-12-31 22:28:48', '2020-12-31 22:28:48'),
(5462, 'bn', 'Confirm', '', '2020-12-31 22:30:17', '2020-12-31 22:30:17'),
(5463, 'en', 'Data Updated Successfully', 'Data Updated Successfully', '2020-12-31 23:16:27', '2020-12-31 23:16:27'),
(5464, 'bn', 'Data Updated Successfully', '   ', '2020-12-31 23:16:51', '2020-12-31 23:16:51'),
(5465, 'fr', 'Data Updated Successfully', 'Mises  jour des donnes russies', '2020-12-31 23:17:11', '2020-12-31 23:17:11'),
(5466, 'en', 'New Data Added Successfully', 'New Data Added Successfully', '2020-12-31 23:17:52', '2020-12-31 23:17:52'),
(5467, 'bn', 'New Data Added Successfully', '    ', '2020-12-31 23:18:18', '2020-12-31 23:18:18'),
(5468, 'fr', 'New Data Added Successfully', 'Nouvelles donnes ajoutes avec succs', '2020-12-31 23:18:47', '2020-12-31 23:18:47'),
(5469, 'en', 'Data Removed Successfully', 'Data Removed Successfully', '2021-01-01 06:21:57', '2021-01-01 06:21:57'),
(5470, 'bn', 'Data Removed Successfully', '   ', '2021-01-01 06:23:25', '2021-01-01 06:26:30'),
(5471, 'fr', 'Data Removed Successfully', 'Donnes supprimes avec succs', '2021-01-01 06:24:09', '2021-01-01 06:24:09');

-- --------------------------------------------------------

--
-- Table structure for table `mailtext`
--

CREATE TABLE `mailtext` (
  `id` bigint(20) UNSIGNED NOT NULL,
  `subject_key` varchar(191) COLLATE utf8mb4_unicode_ci NOT NULL,
  `subject_value` longtext COLLATE utf8mb4_unicode_ci DEFAULT NULL,
  `body_key` varchar(191) COLLATE utf8mb4_unicode_ci NOT NULL,
  `body_value` longtext COLLATE utf8mb4_unicode_ci DEFAULT NULL,
  `created_at` timestamp NULL DEFAULT NULL,
  `updated_at` timestamp NULL DEFAULT NULL
) ENGINE=InnoDB DEFAULT CHARSET=utf8mb4 COLLATE=utf8mb4_unicode_ci;

--
-- Dumping data for table `mailtext`
--

INSERT INTO `mailtext` (`id`, `subject_key`, `subject_value`, `body_key`, `body_value`, `created_at`, `updated_at`) VALUES
(1, 'Subject - New staff awaiting review', 'New staff awaiting review', 'Body - New staff awaiting review', 'has just created an account. Please review staff details and provide proper approvals to the staff and activate. Just click the button below.', '2020-10-11 18:00:00', '2022-01-28 00:34:09'),
(2, 'Subject - Your account is pending review', 'Your account is pending review', 'Body - Your account is pending review', 'Thank you for signing up! Your account has to be manually reviewed.', '2020-10-12 16:15:06', '2022-01-28 00:34:09'),
(3, 'Subject - Your account is now active', 'Your account is now active', 'Body - Your account is now active', 'Thank you for signing up! Your account is now approved.', '2020-10-12 16:15:06', '2022-01-28 00:34:09'),
(4, 'Subject - Your account has been deactivated', 'Your account has been deactivated', 'Body - Your account has been deactivated', 'Your account is now deactivated.', '2020-10-12 16:15:06', '2022-01-28 00:34:09'),
(5, 'Subject - Your account has been deleted', 'Your account has been deleted', 'Body - Your account has been deleted', 'Your account has been deleted.All your personal details and any uploads have been permanently removed.', '2020-10-12 16:15:06', '2022-01-28 00:34:09'),
(6, 'Subject - invited you to join', 'invited you to join', 'Body - invited you to join', 'I\'m working on this project and wanted to share it with you. Please login your account.', '2020-10-12 16:15:06', '2022-01-28 00:34:09'),
(7, 'Subject - Removed you from the project', 'Removed you from the project', 'Body - Removed you from the project', 'Removed you from the project', '2020-10-12 16:15:06', '2022-01-28 00:34:09'),
(8, 'Subject - Assigned you in a task', 'Assigned you in a task', 'Body - Assigned you in a task', 'Assigned you in a task. Please login your account.', '2020-10-12 16:15:06', '2022-01-28 00:34:09'),
(9, 'Subject - Removed you in a task', 'Removed you in a task', 'Body - Removed you in a task', 'Removed you in a task.', '2020-10-12 16:15:06', '2022-01-28 00:34:09'),
(10, 'Subject - Your project has been deleted permanently', 'Your project has been deleted permanently', 'Body - Your project has been deleted permanently', 'Your project has been deleted permanently. Please login your account.', '2020-10-12 16:15:06', '2022-01-28 00:34:09'),
(11, 'Subject - New client awaiting review', 'New client awaiting review', 'Body - New client awaiting review', 'has just created an account. Please review client details and provide proper approvals to the client and activate. Just click the button below.', '2020-10-12 16:15:06', '2022-01-28 00:34:09'),
(12, 'Subject - Forgot your password', 'Forgot your password', 'Body - Forgot your password', 'Need to forgot your password? No problem! Just click the button below and you will be on way. If you did not make this request, please ignore this email.', '2020-10-25 18:00:00', '2022-01-28 00:34:09');

-- --------------------------------------------------------

--
-- Table structure for table `meeting_invitations`
--

CREATE TABLE `meeting_invitations` (
  `id` bigint(20) UNSIGNED NOT NULL,
  `staff_id` int(11) DEFAULT NULL,
  `meeting_id` varchar(100) COLLATE utf8mb4_unicode_ci DEFAULT NULL,
  `created_at` timestamp NULL DEFAULT NULL,
  `updated_at` timestamp NULL DEFAULT NULL
) ENGINE=InnoDB DEFAULT CHARSET=utf8mb4 COLLATE=utf8mb4_unicode_ci;

--
-- Dumping data for table `meeting_invitations`
--

INSERT INTO `meeting_invitations` (`id`, `staff_id`, `meeting_id`, `created_at`, `updated_at`) VALUES
(8, 4, '71623005218', '2020-10-17 08:24:47', '2020-10-17 08:24:47'),
(9, 1, '71623005218', '2020-10-17 08:24:51', '2020-10-17 08:24:51'),
(10, 2, '71623005218', '2020-10-17 08:24:54', '2020-10-17 08:24:54'),
(11, 3, '71623005218', '2020-10-17 09:26:56', '2020-10-17 09:26:56'),
(23, 2, '77563523754', '2020-10-20 08:49:43', '2020-10-20 08:49:43'),
(24, 4, '77563523754', '2020-10-20 08:49:45', '2020-10-20 08:49:45'),
(25, 1, '77563523754', '2020-10-20 08:49:49', '2020-10-20 08:49:49');

-- --------------------------------------------------------

--
-- Table structure for table `messages`
--

CREATE TABLE `messages` (
  `id` bigint(20) UNSIGNED NOT NULL,
  `messages_key` varchar(191) COLLATE utf8mb4_unicode_ci NOT NULL,
  `messages_value` longtext COLLATE utf8mb4_unicode_ci DEFAULT NULL,
  `created_at` timestamp NULL DEFAULT NULL,
  `updated_at` timestamp NULL DEFAULT NULL
) ENGINE=InnoDB DEFAULT CHARSET=utf8mb4 COLLATE=utf8mb4_unicode_ci;

-- --------------------------------------------------------

--
-- Table structure for table `migrations`
--

CREATE TABLE `migrations` (
  `id` int(10) UNSIGNED NOT NULL,
  `migration` varchar(191) COLLATE utf8mb4_unicode_ci NOT NULL,
  `batch` int(11) NOT NULL
) ENGINE=InnoDB DEFAULT CHARSET=utf8mb4 COLLATE=utf8mb4_unicode_ci;

--
-- Dumping data for table `migrations`
--

INSERT INTO `migrations` (`id`, `migration`, `batch`) VALUES
(1, '2014_10_12_000000_create_users_table', 1),
(2, '2014_10_12_100000_create_password_resets_table', 1),
(3, '2019_08_19_000000_create_failed_jobs_table', 1),
(4, '2020_09_18_062016_create_attachments_table', 1),
(5, '2020_09_18_062032_create_comments_table', 1),
(6, '2020_09_18_062046_create_countries_table', 1),
(7, '2020_09_18_062100_create_languages_table', 1),
(8, '2020_09_18_062119_create_lankeyvalues_table', 1),
(9, '2020_09_18_062143_create_meeting_invitations_table', 1),
(10, '2020_09_18_062203_create_months_table', 1),
(11, '2020_09_18_062218_create_payments_table', 1),
(12, '2020_09_18_062240_create_payment_status_table', 1),
(13, '2020_09_18_062256_create_projects_table', 1),
(14, '2020_09_18_062313_create_project_staff_maps_table', 1),
(15, '2020_09_18_062336_create_pstatus_table', 1),
(16, '2020_09_18_062353_create_settings_table', 1),
(17, '2020_09_18_062418_create_tasks_table', 1),
(18, '2020_09_18_062448_create_task_groups_table', 1),
(19, '2020_09_18_062513_create_task_staff_maps_table', 1),
(20, '2020_09_18_062543_create_timezones_table', 1),
(21, '2020_09_18_062612_create_user_actives_table', 1),
(22, '2020_09_18_062640_create_user_roles_table', 1),
(23, '2020_09_18_062701_create_years_table', 1),
(24, '2020_09_30_173025_create_messages_table', 1),
(25, '2020_10_12_155117_create_mailtext_table', 1),
(26, '2020_10_15_133933_create_zoom_setting_table', 1),
(27, '2020_11_13_103250_create_chat_groups_table', 1),
(28, '2020_11_13_103457_create_chat_group_maps_table', 1),
(29, '2020_11_13_103622_create_chat_login_status_table', 1),
(30, '2020_11_13_104053_create_chat_messages_table', 1),
(31, '2020_12_12_160329_create_payment_settings_table', 1),
(32, '2020_12_13_153701_create_payment_method_table', 1),
(33, '2020_12_18_054144_create_pcodes_table', 1),
(34, '2020_12_18_163218_create_vpcodes_table', 1);

-- --------------------------------------------------------

--
-- Table structure for table `months`
--

CREATE TABLE `months` (
  `id` bigint(20) UNSIGNED NOT NULL,
  `month_name` varchar(50) COLLATE utf8mb4_unicode_ci NOT NULL,
  `created_at` timestamp NULL DEFAULT NULL,
  `updated_at` timestamp NULL DEFAULT NULL
) ENGINE=InnoDB DEFAULT CHARSET=utf8mb4 COLLATE=utf8mb4_unicode_ci;

--
-- Dumping data for table `months`
--

INSERT INTO `months` (`id`, `month_name`, `created_at`, `updated_at`) VALUES
(1, 'January', '2020-09-18 12:00:00', '2020-09-18 12:00:00'),
(2, 'February', '2020-09-18 12:00:00', '2020-09-18 12:00:00'),
(3, 'March', '2020-09-18 12:00:00', '2020-09-18 12:00:00'),
(4, 'April', '2020-09-18 12:00:00', '2020-09-18 12:00:00'),
(5, 'May', '2020-09-18 12:00:00', '2020-09-18 12:00:00'),
(6, 'June', '2020-09-18 12:00:00', '2020-09-18 12:00:00'),
(7, 'July', '2020-09-18 12:00:00', '2020-09-18 12:00:00'),
(8, 'August', '2020-09-18 12:00:00', '2020-09-18 12:00:00'),
(9, 'September', '2020-09-18 12:00:00', '2020-09-18 12:00:00'),
(10, 'October', '2020-09-18 12:00:00', '2020-09-18 12:00:00'),
(11, 'November', '2020-09-18 12:00:00', '2020-09-18 12:00:00'),
(12, 'December', '2020-09-18 12:00:00', '2020-09-18 12:00:00');

-- --------------------------------------------------------

--
-- Table structure for table `password_resets`
--

CREATE TABLE `password_resets` (
  `email` varchar(191) COLLATE utf8mb4_unicode_ci NOT NULL,
  `token` varchar(191) COLLATE utf8mb4_unicode_ci NOT NULL,
  `created_at` timestamp NULL DEFAULT NULL
) ENGINE=InnoDB DEFAULT CHARSET=utf8mb4 COLLATE=utf8mb4_unicode_ci;

-- --------------------------------------------------------

--
-- Table structure for table `payments`
--

CREATE TABLE `payments` (
  `id` bigint(20) UNSIGNED NOT NULL,
  `invoice_no` varchar(100) COLLATE utf8mb4_unicode_ci DEFAULT NULL,
  `title` text COLLATE utf8mb4_unicode_ci DEFAULT NULL,
  `deadline` datetime NOT NULL,
  `amount` double DEFAULT NULL,
  `project_id` int(11) DEFAULT NULL,
  `payment_status_id` int(11) DEFAULT NULL,
  `payment_method` varchar(150) COLLATE utf8mb4_unicode_ci DEFAULT NULL,
  `created_at` timestamp NULL DEFAULT NULL,
  `updated_at` timestamp NULL DEFAULT NULL
) ENGINE=InnoDB DEFAULT CHARSET=utf8mb4 COLLATE=utf8mb4_unicode_ci;

--
-- Dumping data for table `payments`
--

INSERT INTO `payments` (`id`, `invoice_no`, `title`, `deadline`, `amount`, `project_id`, `payment_status_id`, `payment_method`, `created_at`, `updated_at`) VALUES
(2, '331', 'First time payment for html template design', '2021-01-03 00:00:00', 1000, 33, 1, 'Bank', '2021-01-03 10:28:42', '2021-01-03 10:28:42'),
(3, '333', 'Second time payment for database design', '2021-03-24 00:00:00', 1000, 33, 2, 'Cash', '2021-01-03 10:29:13', '2021-01-03 10:29:13'),
(4, '334', 'Third time payment for software backend development', '2021-08-25 00:00:00', 1000, 33, 2, 'Others', '2021-01-03 10:29:40', '2021-01-03 10:29:40'),
(5, '335', 'Full payment for Health Commodity Dashboard', '2021-09-15 00:00:00', 1000, 33, 2, 'Bank', '2021-01-03 10:30:17', '2021-01-03 10:30:17'),
(6, '326', 'First time payment for html template design', '2021-01-03 00:00:00', 1500, 32, 1, 'Bank', '2021-01-03 10:31:00', '2021-01-03 10:31:00'),
(7, '327', 'Second time payment for database design', '2021-02-17 00:00:00', 1000, 32, 2, 'Bank', '2021-01-03 10:31:22', '2021-01-03 10:31:22'),
(8, '328', 'Third time payment for software backend development', '2021-03-10 00:00:00', 500, 32, 2, 'Bank', '2021-01-03 10:31:46', '2021-01-03 10:31:46'),
(9, '329', 'Full payment for Export/Import - MySQL Data', '2021-03-25 00:00:00', 600, 32, 2, 'Bank', '2021-01-03 10:32:21', '2021-01-03 10:32:21'),
(10, '3110', 'First time payment for html template design', '2021-01-03 00:00:00', 500, 31, 1, 'Bank', '2021-01-03 10:32:49', '2021-01-03 10:32:49'),
(11, '3111', 'Second time payment for database design', '2021-02-09 00:00:00', 1500, 31, 2, 'Bank', '2021-01-03 10:33:10', '2021-01-03 10:33:10'),
(12, '3112', 'Third time payment for software backend development', '2021-02-28 00:00:00', 300, 31, 1, 'Bank', '2021-01-03 10:33:30', '2021-01-03 10:33:30'),
(13, '3013', 'First time payment for html template design', '2021-01-03 00:00:00', 1500, 30, 1, 'Bank', '2021-01-03 10:34:13', '2021-01-03 10:34:13'),
(14, '3014', 'Second time payment for database design', '2021-03-25 00:00:00', 3500, 30, 2, 'Bank', '2021-01-03 10:34:54', '2021-01-03 10:34:54'),
(15, '3015', 'Third time payment for software backend development', '2021-03-26 00:00:00', 300, 30, 2, 'Bank', '2021-01-03 10:35:15', '2021-01-03 10:35:15'),
(16, '2916', 'First time payment for html template design', '2021-01-03 00:00:00', 1500, 29, 1, 'Bank', '2021-01-03 10:36:49', '2021-01-03 10:36:49'),
(17, '2917', 'Second time payment for database design', '2021-02-24 00:00:00', 1200, 29, 2, 'Bank', '2021-01-03 10:37:05', '2021-01-03 10:37:05'),
(18, '2918', 'Third time payment for software backend development', '2021-03-31 00:00:00', 1300, 29, 2, 'Bank', '2021-01-03 10:37:27', '2021-01-03 10:37:27'),
(19, '2819', 'First time payment for html template design', '2021-01-03 00:00:00', 1400, 28, 1, 'Bank', '2021-01-03 10:38:01', '2021-01-03 10:38:01'),
(20, '2820', 'Second time payment for database design', '2021-03-24 00:00:00', 3500, 28, 2, 'Bank', '2021-01-03 10:38:18', '2021-01-03 10:38:18'),
(21, '2721', 'First time payment for html template design', '2021-01-03 00:00:00', 500, 27, 1, 'Bank', '2021-01-03 10:39:25', '2021-01-03 10:39:25'),
(22, '2722', 'Second time payment for database design', '2021-03-17 00:00:00', 3500, 27, 1, 'Bank', '2021-01-03 10:39:40', '2021-01-03 10:39:40'),
(23, '2723', 'Third time payment for software backend development', '2021-04-28 00:00:00', 500, 27, 2, 'Bank', '2021-01-03 10:40:03', '2021-01-03 10:40:03'),
(24, '2624', 'First time payment for html template design', '2021-01-03 00:00:00', 500, 26, 1, 'Bank', '2021-01-03 10:40:29', '2021-01-03 10:40:29'),
(25, '2625', 'Second time payment for database design', '2021-03-17 00:00:00', 600, 26, 2, 'Bank', '2021-01-03 10:40:47', '2021-01-03 10:40:47'),
(26, '2526', 'First time payment for html template design', '2021-01-03 00:00:00', 600, 25, 1, 'Bank', '2021-01-03 10:41:13', '2021-01-03 10:41:13'),
(27, '2527', 'Second time payment for database design', '2021-04-28 00:00:00', 1000, 25, 2, 'Bank', '2021-01-03 10:41:29', '2021-01-03 10:41:29'),
(28, '2428', 'First time payment for html template design', '2021-01-03 00:00:00', 800, 24, 1, 'Bank', '2021-01-03 10:41:54', '2021-01-03 10:41:54'),
(29, '2429', 'Second time payment for database design', '2021-03-31 00:00:00', 800, 24, 2, 'Bank', '2021-01-03 10:42:08', '2021-01-03 10:42:08'),
(30, '2330', 'First time payment for html template design', '2021-01-03 00:00:00', 900, 23, 1, 'Bank', '2021-01-03 10:42:32', '2021-01-03 10:42:32'),
(31, '2331', 'Second time payment for database design', '2021-03-10 00:00:00', 500, 23, 2, 'Bank', '2021-01-03 10:42:45', '2021-01-03 10:42:45'),
(32, '2232', 'First time payment for html template design', '2021-01-03 00:00:00', 700, 22, 1, 'Bank', '2021-01-03 10:43:12', '2021-01-03 10:43:12'),
(33, '2233', 'Second time payment for database design', '2021-03-24 00:00:00', 600, 22, 2, 'Bank', '2021-01-03 10:43:26', '2021-01-03 10:43:26'),
(34, '2134', 'First time payment for html template design', '2021-01-03 00:00:00', 400, 21, 1, 'Bank', '2021-01-03 10:43:52', '2021-01-03 10:43:52'),
(35, '2135', 'Second time payment for database design', '2021-01-29 00:00:00', 600, 21, 1, 'Bank', '2021-01-03 10:44:03', '2021-01-03 10:44:03'),
(36, '2036', 'First time payment for html template design', '2021-01-03 00:00:00', 500, 20, 1, 'Bank', '2021-01-03 10:44:23', '2021-01-03 10:44:23'),
(37, '2037', 'Second time payment for database design', '2021-02-24 00:00:00', 500, 20, 2, 'Bank', '2021-01-03 10:44:36', '2021-01-03 10:44:36'),
(38, '1938', 'First time payment for html template design', '2021-01-03 00:00:00', 600, 19, 1, 'Bank', '2021-01-03 10:44:56', '2021-01-03 10:44:56'),
(39, '1939', 'Second time payment for database design', '2021-03-17 00:00:00', 900, 19, 2, 'Bank', '2021-01-03 10:45:10', '2021-01-03 10:45:10');

-- --------------------------------------------------------

--
-- Table structure for table `payment_method`
--

CREATE TABLE `payment_method` (
  `id` bigint(20) UNSIGNED NOT NULL,
  `payment_method` varchar(150) COLLATE utf8mb4_unicode_ci DEFAULT NULL,
  `created_at` timestamp NULL DEFAULT NULL,
  `updated_at` timestamp NULL DEFAULT NULL
) ENGINE=InnoDB DEFAULT CHARSET=utf8mb4 COLLATE=utf8mb4_unicode_ci;

--
-- Dumping data for table `payment_method`
--

INSERT INTO `payment_method` (`id`, `payment_method`, `created_at`, `updated_at`) VALUES
(1, 'Bank', '2020-12-13 15:52:22', '2020-12-13 15:52:24'),
(2, 'Card', '2020-12-13 15:52:12', '2020-12-13 15:52:14'),
(3, 'Cash', '2020-12-13 15:52:32', '2020-12-13 15:52:34'),
(4, 'Others', '2020-12-16 16:49:57', '2020-12-16 16:49:59');

-- --------------------------------------------------------

--
-- Table structure for table `payment_settings`
--

CREATE TABLE `payment_settings` (
  `id` bigint(20) UNSIGNED NOT NULL,
  `publickey` text COLLATE utf8mb4_unicode_ci DEFAULT NULL,
  `secretkey` text COLLATE utf8mb4_unicode_ci DEFAULT NULL,
  `payment_method` varchar(100) COLLATE utf8mb4_unicode_ci DEFAULT NULL,
  `isenable` tinyint(4) NOT NULL DEFAULT 0,
  `created_at` timestamp NULL DEFAULT NULL,
  `updated_at` timestamp NULL DEFAULT NULL
) ENGINE=InnoDB DEFAULT CHARSET=utf8mb4 COLLATE=utf8mb4_unicode_ci;

--
-- Dumping data for table `payment_settings`
--

INSERT INTO `payment_settings` (`id`, `publickey`, `secretkey`, `payment_method`, `isenable`, `created_at`, `updated_at`) VALUES
(3, 'xxxxxxxxxxxxxxxxxxxxxxxxxxxxxxxxxxxxxxxxxxxxx', 'xxxxxxxxxxxxxxxxxxxxxxxxxxxxxxxxxxxxxxxxxxxxx', 'Stripe', 0, '2020-12-19 09:11:51', '2022-01-28 04:01:09');

-- --------------------------------------------------------

--
-- Table structure for table `payment_status`
--

CREATE TABLE `payment_status` (
  `id` bigint(20) UNSIGNED NOT NULL,
  `payment_status` varchar(100) COLLATE utf8mb4_unicode_ci NOT NULL,
  `created_at` timestamp NULL DEFAULT NULL,
  `updated_at` timestamp NULL DEFAULT NULL
) ENGINE=InnoDB DEFAULT CHARSET=utf8mb4 COLLATE=utf8mb4_unicode_ci;

--
-- Dumping data for table `payment_status`
--

INSERT INTO `payment_status` (`id`, `payment_status`, `created_at`, `updated_at`) VALUES
(1, 'Paid', '2020-09-19 11:37:54', '2020-09-19 11:37:57'),
(2, 'Unpaid', '2020-09-19 11:38:21', '2020-09-19 11:38:24');

-- --------------------------------------------------------

--
-- Table structure for table `pcodes`
--

CREATE TABLE `pcodes` (
  `id` bigint(20) UNSIGNED NOT NULL,
  `pcode` text COLLATE utf8mb4_unicode_ci DEFAULT NULL,
  `created_at` timestamp NULL DEFAULT NULL,
  `updated_at` timestamp NULL DEFAULT NULL
) ENGINE=InnoDB DEFAULT CHARSET=utf8mb4 COLLATE=utf8mb4_unicode_ci;

-- --------------------------------------------------------

--
-- Table structure for table `projects`
--

CREATE TABLE `projects` (
  `id` bigint(20) UNSIGNED NOT NULL,
  `project_name` text COLLATE utf8mb4_unicode_ci DEFAULT NULL,
  `description` longtext COLLATE utf8mb4_unicode_ci DEFAULT NULL,
  `budget` double DEFAULT NULL,
  `start_date` date DEFAULT NULL,
  `end_date` date DEFAULT NULL,
  `client_id` int(11) DEFAULT NULL,
  `status_id` int(11) DEFAULT NULL,
  `createby` int(11) DEFAULT NULL,
  `creation_date` datetime DEFAULT NULL,
  `created_at` timestamp NULL DEFAULT NULL,
  `updated_at` timestamp NULL DEFAULT NULL
) ENGINE=InnoDB DEFAULT CHARSET=utf8mb4 COLLATE=utf8mb4_unicode_ci;

--
-- Dumping data for table `projects`
--

INSERT INTO `projects` (`id`, `project_name`, `description`, `budget`, `start_date`, `end_date`, `client_id`, `status_id`, `createby`, `creation_date`, `created_at`, `updated_at`) VALUES
(19, 'School Accounting Software', 'Lorem Ipsum is simply dummy text of the printing and typesetting industry. Lorem Ipsum has been the industry\'s standard dummy text ever since the 1500s, when an unknown printer took a galley of type and scrambled it to make a type specimen book. It has survived not only five centuries, but also the leap into electronic typesetting, remaining essentially unchanged. It was popularised in the 1960s with the release of Letraset sheets containing Lorem Ipsum passages, and more recently with desktop publishing software like Aldus PageMaker including versions of Lorem Ipsum.', 5000, '2020-12-28', '2021-11-11', 17, 1, 1, '2020-12-28 16:24:25', '2020-12-28 10:24:26', '2020-12-28 10:24:26'),
(20, 'Bus e-ticket software', 'Lorem Ipsum is simply dummy text of the printing and typesetting industry. Lorem Ipsum has been the industry\'s standard dummy text ever since the 1500s, when an unknown printer took a galley of type and scrambled it to make a type specimen book. It has survived not only five centuries, but also the leap into electronic typesetting, remaining essentially unchanged. It was popularised in the 1960s with the release of Letraset sheets containing Lorem Ipsum passages, and more recently with desktop publishing software like Aldus PageMaker including versions of Lorem Ipsum.', 6000, '2020-08-14', '2020-12-26', 17, 1, 1, '2020-12-28 16:42:06', '2020-12-28 10:25:15', '2020-12-28 10:42:06'),
(21, 'Shanti restaurant software', 'Lorem Ipsum is simply dummy text of the printing and typesetting industry. Lorem Ipsum has been the industry\'s standard dummy text ever since the 1500s, when an unknown printer took a galley of type and scrambled it to make a type specimen book. It has survived not only five centuries, but also the leap into electronic typesetting, remaining essentially unchanged. It was popularised in the 1960s with the release of Letraset sheets containing Lorem Ipsum passages, and more recently with desktop publishing software like Aldus PageMaker including versions of Lorem Ipsum.', 6000, '2020-12-28', '2021-10-19', 17, 1, 1, '2020-12-28 16:25:58', '2020-12-28 10:25:58', '2020-12-28 10:25:58'),
(22, 'Online marketing software', 'Lorem Ipsum is simply dummy text of the printing and typesetting industry. Lorem Ipsum has been the industry\'s standard dummy text ever since the 1500s, when an unknown printer took a galley of type and scrambled it to make a type specimen book. It has survived not only five centuries, but also the leap into electronic typesetting, remaining essentially unchanged. It was popularised in the 1960s with the release of Letraset sheets containing Lorem Ipsum passages, and more recently with desktop publishing software like Aldus PageMaker including versions of Lorem Ipsum.', 6000, '2020-12-28', '2021-11-24', 17, 1, 1, '2020-12-28 16:26:29', '2020-12-28 10:26:29', '2020-12-28 10:26:29'),
(23, 'Digital marketing software for agencies', 'Lorem Ipsum is simply dummy text of the printing and typesetting industry. Lorem Ipsum has been the industry\'s standard dummy text ever since the 1500s, when an unknown printer took a galley of type and scrambled it to make a type specimen book. It has survived not only five centuries, but also the leap into electronic typesetting, remaining essentially unchanged. It was popularised in the 1960s with the release of Letraset sheets containing Lorem Ipsum passages, and more recently with desktop publishing software like Aldus PageMaker including versions of Lorem Ipsum.', 9000, '2020-12-28', '2021-09-23', 27, 1, 1, '2020-12-28 16:27:12', '2020-12-28 10:27:12', '2020-12-28 10:27:12'),
(24, 'Best buy online shopping', 'Lorem Ipsum is simply dummy text of the printing and typesetting industry. Lorem Ipsum has been the industry\'s standard dummy text ever since the 1500s, when an unknown printer took a galley of type and scrambled it to make a type specimen book. It has survived not only five centuries, but also the leap into electronic typesetting, remaining essentially unchanged. It was popularised in the 1960s with the release of Letraset sheets containing Lorem Ipsum passages, and more recently with desktop publishing software like Aldus PageMaker including versions of Lorem Ipsum.', 4000, '2020-12-28', '2021-10-27', 29, 2, 1, '2020-12-28 16:41:43', '2020-12-28 10:29:43', '2020-12-28 10:41:43'),
(25, 'Country Boy LifeStyle', 'Lorem Ipsum is simply dummy text of the printing and typesetting industry. Lorem Ipsum has been the industry\'s standard dummy text ever since the 1500s, when an unknown printer took a galley of type and scrambled it to make a type specimen book. It has survived not only five centuries, but also the leap into electronic typesetting, remaining essentially unchanged. It was popularised in the 1960s with the release of Letraset sheets containing Lorem Ipsum passages, and more recently with desktop publishing software like Aldus PageMaker including versions of Lorem Ipsum.', 8000, '2020-07-30', '2020-12-25', 17, 1, 1, '2020-12-28 16:44:41', '2020-12-28 10:30:18', '2020-12-28 10:44:41'),
(26, 'Online easy shopping', 'Lorem Ipsum is simply dummy text of the printing and typesetting industry. Lorem Ipsum has been the industry\'s standard dummy text ever since the 1500s, when an unknown printer took a galley of type and scrambled it to make a type specimen book. It has survived not only five centuries, but also the leap into electronic typesetting, remaining essentially unchanged. It was popularised in the 1960s with the release of Letraset sheets containing Lorem Ipsum passages, and more recently with desktop publishing software like Aldus PageMaker including versions of Lorem Ipsum.', 3000, '2020-12-28', '2021-08-26', 17, 1, 1, '2020-12-28 16:31:32', '2020-12-28 10:31:32', '2020-12-28 10:31:32'),
(27, 'ICRRD Quality Index Research Journal', 'Lorem Ipsum is simply dummy text of the printing and typesetting industry. Lorem Ipsum has been the industry\'s standard dummy text ever since the 1500s, when an unknown printer took a galley of type and scrambled it to make a type specimen book. It has survived not only five centuries, but also the leap into electronic typesetting, remaining essentially unchanged. It was popularised in the 1960s with the release of Letraset sheets containing Lorem Ipsum passages, and more recently with desktop publishing software like Aldus PageMaker including versions of Lorem Ipsum.', 3000, '2020-10-23', '2020-12-24', 31, 1, 1, '2020-12-28 16:43:45', '2020-12-28 10:32:07', '2020-12-28 10:43:45'),
(28, 'TOPTEN - Business & Corporate Website Template', 'Lorem Ipsum is simply dummy text of the printing and typesetting industry. Lorem Ipsum has been the industry\'s standard dummy text ever since the 1500s, when an unknown printer took a galley of type and scrambled it to make a type specimen book. It has survived not only five centuries, but also the leap into electronic typesetting, remaining essentially unchanged. It was popularised in the 1960s with the release of Letraset sheets containing Lorem Ipsum passages, and more recently with desktop publishing software like Aldus PageMaker including versions of Lorem Ipsum.', 6000, '2020-12-28', '2021-12-31', 21, 1, 1, '2020-12-28 16:32:41', '2020-12-28 10:32:41', '2020-12-28 10:32:41'),
(29, 'POSH - One Page HTML5 Responsive Business Template', 'Lorem Ipsum is simply dummy text of the printing and typesetting industry. Lorem Ipsum has been the industry\'s standard dummy text ever since the 1500s, when an unknown printer took a galley of type and scrambled it to make a type specimen book. It has survived not only five centuries, but also the leap into electronic typesetting, remaining essentially unchanged. It was popularised in the 1960s with the release of Letraset sheets containing Lorem Ipsum passages, and more recently with desktop publishing software like Aldus PageMaker including versions of Lorem Ipsum.', 3500, '2020-10-01', '2020-12-27', 17, 1, 1, '2020-12-28 16:41:11', '2020-12-28 10:33:21', '2020-12-28 10:41:11'),
(30, 'MySQL - Print, PDF, Excel and CSV Export Tools', 'Lorem Ipsum is simply dummy text of the printing and typesetting industry. Lorem Ipsum has been the industry\'s standard dummy text ever since the 1500s, when an unknown printer took a galley of type and scrambled it to make a type specimen book. It has survived not only five centuries, but also the leap into electronic typesetting, remaining essentially unchanged. It was popularised in the 1960s with the release of Letraset sheets containing Lorem Ipsum passages, and more recently with desktop publishing software like Aldus PageMaker including versions of Lorem Ipsum.', 5000, '2020-12-09', '2021-11-26', 30, 2, 1, '2020-12-28 16:40:37', '2020-12-28 10:34:15', '2020-12-28 10:40:37'),
(31, 'MySQL Data to Excel Export', 'Lorem Ipsum is simply dummy text of the printing and typesetting industry. Lorem Ipsum has been the industry\'s standard dummy text ever since the 1500s, when an unknown printer took a galley of type and scrambled it to make a type specimen book. It has survived not only five centuries, but also the leap into electronic typesetting, remaining essentially unchanged. It was popularised in the 1960s with the release of Letraset sheets containing Lorem Ipsum passages, and more recently with desktop publishing software like Aldus PageMaker including versions of Lorem Ipsum.', 5000, '2020-11-04', '2021-07-29', 28, 1, 1, '2020-12-28 16:34:53', '2020-12-28 10:34:53', '2020-12-28 10:34:53'),
(32, 'Export/Import - MySQL Data', 'Lorem Ipsum is simply dummy text of the printing and typesetting industry. Lorem Ipsum has been the industry\'s standard dummy text ever since the 1500s, when an unknown printer took a galley of type and scrambled it to make a type specimen book. It has survived not only five centuries, but also the leap into electronic typesetting, remaining essentially unchanged. It was popularised in the 1960s with the release of Letraset sheets containing Lorem Ipsum passages, and more recently with desktop publishing software like Aldus PageMaker including versions of Lorem Ipsum.', 4000, '2020-07-16', '2021-10-07', 17, 1, 1, '2020-12-28 16:35:37', '2020-12-28 10:35:37', '2020-12-28 10:35:37'),
(33, 'Health Commodity Dashboard', 'Lorem Ipsum is simply dummy text of the printing and typesetting industry. Lorem Ipsum has been the industry\'s standard dummy text ever since the 1500s, when an unknown printer took a galley of type and scrambled it to make a type specimen book. It has survived not only five centuries, but also the leap into electronic typesetting, remaining essentially unchanged. It was popularised in the 1960s with the release of Letraset sheets containing Lorem Ipsum passages, and more recently with desktop publishing software like Aldus PageMaker including versions of Lorem Ipsum.', 4000, '2020-11-26', '2021-11-25', 17, 1, 1, '2020-12-28 17:09:15', '2020-12-28 10:36:26', '2020-12-28 11:09:15');

-- --------------------------------------------------------

--
-- Table structure for table `project_staff_maps`
--

CREATE TABLE `project_staff_maps` (
  `id` bigint(20) UNSIGNED NOT NULL,
  `project_id` int(11) DEFAULT NULL,
  `staff_id` int(11) DEFAULT NULL,
  `bActive` tinyint(4) NOT NULL DEFAULT 0,
  `created_at` timestamp NULL DEFAULT NULL,
  `updated_at` timestamp NULL DEFAULT NULL
) ENGINE=InnoDB DEFAULT CHARSET=utf8mb4 COLLATE=utf8mb4_unicode_ci;

--
-- Dumping data for table `project_staff_maps`
--

INSERT INTO `project_staff_maps` (`id`, `project_id`, `staff_id`, `bActive`, `created_at`, `updated_at`) VALUES
(70, 19, 1, 1, '2020-12-28 10:24:26', '2020-12-28 10:24:26'),
(71, 19, 17, 1, '2020-12-28 10:24:26', '2020-12-28 10:24:26'),
(72, 20, 1, 1, '2020-12-28 10:25:15', '2020-12-28 10:25:15'),
(73, 20, 17, 1, '2020-12-28 10:25:15', '2020-12-28 10:25:15'),
(74, 21, 1, 1, '2020-12-28 10:25:58', '2020-12-28 10:25:58'),
(75, 21, 17, 1, '2020-12-28 10:25:58', '2020-12-28 10:25:58'),
(76, 22, 1, 1, '2020-12-28 10:26:29', '2020-12-28 10:26:29'),
(77, 22, 17, 1, '2020-12-28 10:26:29', '2020-12-28 10:26:29'),
(78, 23, 1, 1, '2020-12-28 10:27:12', '2020-12-28 10:27:12'),
(79, 23, 27, 1, '2020-12-28 10:27:12', '2020-12-28 10:27:12'),
(80, 24, 1, 1, '2020-12-28 10:29:43', '2020-12-28 10:29:43'),
(81, 24, 29, 1, '2020-12-28 10:29:44', '2020-12-28 10:29:44'),
(82, 25, 1, 1, '2020-12-28 10:30:19', '2020-12-28 10:30:19'),
(83, 25, 17, 1, '2020-12-28 10:30:19', '2020-12-28 10:30:19'),
(84, 26, 1, 1, '2020-12-28 10:31:32', '2020-12-28 10:31:32'),
(85, 26, 17, 1, '2020-12-28 10:31:32', '2020-12-28 10:31:32'),
(86, 27, 1, 1, '2020-12-28 10:32:07', '2020-12-28 10:32:07'),
(87, 27, 31, 1, '2020-12-28 10:32:07', '2020-12-28 10:32:07'),
(88, 28, 1, 1, '2020-12-28 10:32:41', '2020-12-28 10:32:41'),
(89, 28, 21, 1, '2020-12-28 10:32:41', '2020-12-28 10:32:41'),
(90, 29, 1, 1, '2020-12-28 10:33:21', '2020-12-28 10:33:21'),
(91, 29, 17, 1, '2020-12-28 10:33:21', '2020-12-28 10:33:21'),
(92, 30, 1, 1, '2020-12-28 10:34:15', '2020-12-28 10:34:15'),
(93, 30, 30, 1, '2020-12-28 10:34:15', '2020-12-28 10:34:15'),
(94, 31, 1, 1, '2020-12-28 10:34:53', '2020-12-28 10:34:53'),
(95, 31, 28, 1, '2020-12-28 10:34:53', '2020-12-28 10:34:53'),
(96, 32, 1, 1, '2020-12-28 10:35:37', '2020-12-28 10:35:37'),
(97, 32, 17, 1, '2020-12-28 10:35:37', '2020-12-28 10:35:37'),
(98, 33, 1, 1, '2020-12-28 10:36:26', '2020-12-28 10:36:26'),
(100, 33, 12, 1, '2020-12-28 10:46:22', '2020-12-28 10:46:35'),
(101, 33, 7, 1, '2020-12-28 10:46:28', '2020-12-28 10:46:36'),
(102, 33, 14, 1, '2020-12-28 10:46:33', '2020-12-28 10:46:39'),
(103, 32, 12, 1, '2020-12-28 10:46:49', '2020-12-28 10:47:58'),
(104, 32, 4, 1, '2020-12-28 10:48:03', '2020-12-28 10:48:05'),
(105, 32, 14, 1, '2020-12-28 10:48:10', '2020-12-28 10:48:13'),
(106, 32, 5, 1, '2020-12-28 10:48:18', '2020-12-28 10:48:21'),
(107, 33, 4, 1, '2020-12-28 10:48:47', '2020-12-28 10:48:52'),
(108, 32, 11, 1, '2020-12-28 10:49:18', '2020-12-28 10:49:21'),
(109, 31, 4, 1, '2020-12-28 10:49:32', '2020-12-28 10:49:36'),
(110, 30, 11, 1, '2020-12-28 10:49:52', '2020-12-28 10:49:55'),
(111, 30, 4, 1, '2020-12-28 10:50:00', '2020-12-28 10:50:03'),
(112, 30, 7, 1, '2020-12-28 10:50:09', '2020-12-28 10:50:12'),
(113, 29, 4, 1, '2020-12-28 10:50:26', '2020-12-28 10:50:29'),
(114, 29, 7, 1, '2020-12-28 10:50:49', '2020-12-28 10:51:00'),
(115, 29, 9, 1, '2020-12-28 10:50:56', '2020-12-28 10:51:02'),
(116, 28, 12, 1, '2020-12-28 10:51:16', '2020-12-28 10:51:27'),
(117, 28, 4, 1, '2020-12-28 10:51:21', '2020-12-28 10:51:25'),
(118, 27, 5, 1, '2020-12-28 10:51:53', '2020-12-28 10:52:02'),
(119, 27, 9, 1, '2020-12-28 10:51:59', '2020-12-28 10:52:05'),
(120, 26, 12, 1, '2020-12-28 10:52:18', '2020-12-28 10:52:31'),
(121, 26, 4, 1, '2020-12-28 10:52:24', '2020-12-28 10:52:35'),
(122, 29, 12, 1, '2020-12-28 10:52:47', '2020-12-28 10:53:04'),
(123, 29, 11, 1, '2020-12-28 10:52:52', '2020-12-28 10:53:06'),
(124, 29, 5, 1, '2020-12-28 10:52:58', '2020-12-28 10:53:02'),
(125, 25, 4, 1, '2020-12-28 10:53:41', '2020-12-28 10:53:44'),
(126, 25, 7, 1, '2020-12-28 10:53:49', '2020-12-28 10:53:52'),
(127, 26, 7, 1, '2020-12-28 10:54:03', '2020-12-28 10:54:06'),
(128, 24, 12, 1, '2020-12-28 10:54:15', '2020-12-28 10:54:36'),
(129, 24, 11, 1, '2020-12-28 10:54:19', '2020-12-28 10:54:44'),
(130, 24, 7, 1, '2020-12-28 10:54:25', '2020-12-28 10:54:34'),
(131, 24, 4, 1, '2020-12-28 10:54:31', '2020-12-28 10:54:40'),
(132, 23, 11, 1, '2020-12-28 10:54:54', '2020-12-28 10:54:57'),
(133, 23, 12, 1, '2020-12-28 10:55:00', '2020-12-28 10:55:04'),
(134, 22, 7, 1, '2020-12-28 10:55:17', '2020-12-28 10:55:20'),
(135, 21, 9, 1, '2020-12-28 10:55:30', '2020-12-28 10:55:33'),
(136, 21, 14, 1, '2020-12-28 10:55:41', '2020-12-28 10:55:43'),
(137, 21, 11, 1, '2020-12-28 10:55:49', '2020-12-28 10:55:52'),
(138, 20, 11, 1, '2020-12-28 10:56:00', '2020-12-28 10:56:14'),
(139, 20, 4, 1, '2020-12-28 10:56:07', '2020-12-28 10:56:17'),
(140, 20, 7, 1, '2020-12-28 10:56:12', '2020-12-28 10:56:19'),
(141, 19, 11, 1, '2020-12-28 10:56:32', '2020-12-28 10:57:03'),
(142, 19, 7, 1, '2020-12-28 10:56:37', '2020-12-28 10:57:09'),
(143, 19, 5, 1, '2020-12-28 10:56:41', '2020-12-28 10:57:11'),
(144, 19, 14, 1, '2020-12-28 10:56:46', '2020-12-28 10:57:14'),
(145, 19, 9, 1, '2020-12-28 10:56:53', '2020-12-28 10:57:18'),
(146, 19, 4, 1, '2020-12-28 10:56:59', '2020-12-28 10:57:06'),
(147, 19, 12, 1, '2020-12-28 10:57:25', '2020-12-28 10:57:28'),
(149, 33, 17, 1, '2020-12-28 11:09:29', '2020-12-28 11:09:32');

-- --------------------------------------------------------

--
-- Table structure for table `pstatus`
--

CREATE TABLE `pstatus` (
  `id` bigint(20) UNSIGNED NOT NULL,
  `status_name` varchar(50) COLLATE utf8mb4_unicode_ci NOT NULL,
  `created_at` timestamp NULL DEFAULT NULL,
  `updated_at` timestamp NULL DEFAULT NULL
) ENGINE=InnoDB DEFAULT CHARSET=utf8mb4 COLLATE=utf8mb4_unicode_ci;

--
-- Dumping data for table `pstatus`
--

INSERT INTO `pstatus` (`id`, `status_name`, `created_at`, `updated_at`) VALUES
(1, 'Inprogress', '2020-09-19 11:42:05', '2020-09-19 11:42:07'),
(2, 'Completed', '2020-09-19 11:42:26', '2020-09-19 11:42:28');

-- --------------------------------------------------------

--
-- Table structure for table `settings`
--

CREATE TABLE `settings` (
  `id` bigint(20) UNSIGNED NOT NULL,
  `bactive` tinyint(4) NOT NULL DEFAULT 0,
  `company_name` text COLLATE utf8mb4_unicode_ci DEFAULT NULL,
  `company_title` text COLLATE utf8mb4_unicode_ci DEFAULT NULL,
  `logo` text COLLATE utf8mb4_unicode_ci DEFAULT NULL,
  `favicon` text COLLATE utf8mb4_unicode_ci DEFAULT NULL,
  `email` varchar(150) COLLATE utf8mb4_unicode_ci DEFAULT NULL,
  `tomailaddress` varchar(150) COLLATE utf8mb4_unicode_ci DEFAULT NULL,
  `timezone_id` varchar(100) COLLATE utf8mb4_unicode_ci DEFAULT NULL,
  `theme_color` varchar(30) COLLATE utf8mb4_unicode_ci DEFAULT NULL,
  `recaptcha` tinyint(4) NOT NULL DEFAULT 0,
  `sitekey` text COLLATE utf8mb4_unicode_ci DEFAULT NULL,
  `secretkey` text COLLATE utf8mb4_unicode_ci DEFAULT NULL,
  `isnotification` tinyint(4) NOT NULL DEFAULT 0,
  `siteurl` text COLLATE utf8mb4_unicode_ci DEFAULT NULL,
  `zoom_api_key` text COLLATE utf8mb4_unicode_ci DEFAULT NULL,
  `zoom_api_secret` text COLLATE utf8mb4_unicode_ci DEFAULT NULL,
  `created_at` timestamp NULL DEFAULT NULL,
  `updated_at` timestamp NULL DEFAULT NULL
) ENGINE=InnoDB DEFAULT CHARSET=utf8mb4 COLLATE=utf8mb4_unicode_ci;

--
-- Dumping data for table `settings`
--

INSERT INTO `settings` (`id`, `bactive`, `company_name`, `company_title`, `logo`, `favicon`, `email`, `tomailaddress`, `timezone_id`, `theme_color`, `recaptcha`, `sitekey`, `secretkey`, `isnotification`, `siteurl`, `zoom_api_key`, `zoom_api_secret`, `created_at`, `updated_at`) VALUES
(1, 1, 'TeamWork', 'TeamWork Laravel - Project Management System', '27122020162658-logo.png', '27122020162654-favicon.ico', 'do-not-reply@themeposh.xyz', 'tspprt7@gmail.com', 'Asia/Dhaka', '#88c136', 0, 'xxxxxxxxxxxxxxxxxxxxxxxxxxxxxxxxxxxxxxxxxxxxx', 'xxxxxxxxxxxxxxxxxxxxxxxxxxxxxxxxxxxxxxxxxxxxx', 0, 'https://www.teamwork-laravel.themeposh.xyz', NULL, NULL, NULL, '2022-01-28 03:59:29');

-- --------------------------------------------------------

--
-- Table structure for table `tasks`
--

CREATE TABLE `tasks` (
  `id` bigint(20) UNSIGNED NOT NULL,
  `task_name` text COLLATE utf8mb4_unicode_ci DEFAULT NULL,
  `description` longtext COLLATE utf8mb4_unicode_ci DEFAULT NULL,
  `task_group_id` int(11) DEFAULT NULL,
  `project_id` int(11) DEFAULT NULL,
  `task_date` datetime DEFAULT NULL,
  `bOrder` int(11) DEFAULT NULL,
  `complete_task` tinyint(4) NOT NULL DEFAULT 0,
  `creation_date` datetime DEFAULT NULL,
  `created_at` timestamp NULL DEFAULT NULL,
  `updated_at` timestamp NULL DEFAULT NULL
) ENGINE=InnoDB DEFAULT CHARSET=utf8mb4 COLLATE=utf8mb4_unicode_ci;

--
-- Dumping data for table `tasks`
--

INSERT INTO `tasks` (`id`, `task_name`, `description`, `task_group_id`, `project_id`, `task_date`, `bOrder`, `complete_task`, `creation_date`, `created_at`, `updated_at`) VALUES
(1, 'Lorem Ipsum is simply dummy text of the printing and typesetting industry. Lorem Ipsum has been the industry', 'Lorem Ipsum is simply dummy text of the printing and typesetting industry. Lorem Ipsum has been the industry Lorem Ipsum is simply dummy text of the printing and typesetting industry. Lorem Ipsum has been the industry', 1, 33, '2020-12-28 23:13:30', 2, 0, NULL, '2020-12-28 17:13:33', '2020-12-28 11:37:35'),
(2, 'Lorem Ipsum is simply dummy text of the printing and typesetting industry. Lorem Ipsum has been the industry', NULL, 4, 33, '2021-07-01 19:10:03', 1, 1, NULL, '2020-12-28 17:15:02', '2020-12-28 17:19:57'),
(3, 'Lorem Ipsum is simply dummy text of the printing and typesetting industry. Lorem Ipsum has been the industry', NULL, 1, 33, '2021-08-27 19:10:03', 1, 0, NULL, '2020-12-28 17:15:19', '2020-12-28 11:37:35'),
(4, 'Lorem Ipsum is simply dummy text of the printing and typesetting industry. Lorem Ipsum has been the industry', NULL, 2, 33, '2020-12-28 23:15:27', 1, 0, NULL, '2020-12-28 17:15:28', '2020-12-28 12:40:28'),
(5, 'Lorem Ipsum is simply dummy text of the printing and typesetting industry. Lorem Ipsum has been the industry', 'Lorem Ipsum is simply dummy text of the printing and typesetting industry. Lorem Ipsum has been the industry', 1, 33, '2021-12-24 23:10:03', 3, 0, NULL, '2020-12-28 17:15:49', '2020-12-28 11:37:35'),
(6, 'Lorem Ipsum is simply dummy text of the printing and typesetting industry. Lorem Ipsum has been the industry', NULL, 2, 33, '2021-11-25 19:10:03', 2, 0, NULL, '2020-12-28 17:16:37', '2020-12-28 12:40:28'),
(7, 'Lorem Ipsum is simply dummy text of the printing and typesetting industry. Lorem Ipsum has been the industry', NULL, 3, 33, '2021-11-19 14:10:03', 2, 1, NULL, '2020-12-28 17:17:09', '2020-12-29 14:44:08'),
(8, 'Lorem Ipsum is simply dummy text of the printing and typesetting industry. Lorem Ipsum has been the industry', NULL, 2, 33, '2021-11-26 11:10:03', 3, 0, NULL, '2020-12-28 17:18:02', '2020-12-28 12:40:28'),
(9, 'Lorem Ipsum is simply dummy text of the printing and typesetting industry. Lorem Ipsum has been the industry', NULL, 1, 33, '2020-12-28 23:18:12', 4, 0, NULL, '2020-12-28 17:18:14', '2020-12-28 11:37:35'),
(10, 'Lorem Ipsum is simply dummy text of the printing and typesetting industry. Lorem Ipsum has been the industry', NULL, 5, 32, '2021-11-26 22:50:24', 1, 0, NULL, '2020-12-28 17:21:35', '2020-12-28 17:21:35'),
(11, 'Lorem Ipsum is simply dummy text of the printing and typesetting industry. Lorem Ipsum has been the industry', NULL, 5, 32, '2020-12-28 23:20:24', 2, 0, NULL, '2020-12-28 17:21:43', '2020-12-28 17:21:43'),
(12, 'Lorem Ipsum is simply dummy text of the printing and typesetting industry. Lorem Ipsum has been the industry', NULL, 9, 32, '2021-12-10 03:30:24', 1, 1, NULL, '2020-12-28 17:21:55', '2020-12-28 17:23:41'),
(13, 'Lorem Ipsum is simply dummy text of the printing and typesetting industry. Lorem Ipsum has been the industry', NULL, 8, 32, '2021-10-21 10:20:24', 2, 0, NULL, '2020-12-28 17:22:09', '2020-12-28 17:23:06'),
(14, 'Lorem Ipsum is simply dummy text of the printing and typesetting industry. Lorem Ipsum has been the industry', 'Lorem Ipsum is simply dummy text of the printing and typesetting industry. Lorem Ipsum has been the industry', 5, 32, '2021-10-14 10:20:24', 5, 0, NULL, '2020-12-28 17:22:50', '2020-12-28 17:22:50'),
(15, 'Lorem Ipsum is simply dummy text of the printing and typesetting industry. Lorem Ipsum has been the industry', NULL, 8, 32, '2021-11-11 10:25:24', 3, 0, NULL, '2020-12-28 17:23:23', '2020-12-28 17:23:30'),
(16, 'Lorem Ipsum is simply dummy text of the printing and typesetting industry. Lorem Ipsum has been the industry', NULL, 5, 32, '2021-12-09 10:20:24', 6, 0, NULL, '2020-12-28 17:24:43', '2020-12-28 17:24:43'),
(17, 'Lorem Ipsum is simply dummy text of the printing and typesetting industry. Lorem Ipsum has been the industry', NULL, 10, 31, '2021-11-05 11:25:39', 1, 0, NULL, '2020-12-28 17:26:19', '2020-12-28 17:26:19'),
(18, 'Lorem Ipsum is simply dummy text of the printing and typesetting industry. Lorem Ipsum has been the industry', NULL, 11, 31, '2021-08-20 23:25:39', 1, 0, NULL, '2020-12-28 17:26:32', '2020-12-28 17:27:39'),
(19, 'Lorem Ipsum is simply dummy text of the printing and typesetting industry. Lorem Ipsum has been the industry', NULL, 12, 31, '2020-12-30 22:25:36', 1, 1, NULL, '2020-12-28 17:26:37', '2020-12-28 17:27:31'),
(20, 'Lorem Ipsum is simply dummy text of the printing and typesetting industry. Lorem Ipsum has been the industry', NULL, 10, 31, '2020-12-28 23:26:43', 4, 0, NULL, '2020-12-28 17:26:44', '2020-12-28 17:26:44'),
(21, 'Lorem Ipsum is simply dummy text of the printing and typesetting industry. Lorem Ipsum has been the industry', NULL, 10, 31, '2021-11-03 10:50:39', 5, 0, NULL, '2020-12-28 17:26:58', '2020-12-28 17:26:58'),
(22, 'Lorem Ipsum is simply dummy text of the printing and typesetting industry. Lorem Ipsum has been the industry', NULL, 13, 22, '2021-11-11 10:25:38', 1, 0, NULL, '2020-12-28 18:27:17', '2020-12-28 18:27:17'),
(23, 'Lorem Ipsum is simply dummy text of the printing and typesetting industry. Lorem Ipsum has been the industry', 'Lorem Ipsum is simply dummy text of the printing and typesetting industry. Lorem Ipsum has been the industry', 11, 31, '2021-11-11 20:40:28', 2, 0, NULL, '2020-12-29 14:45:14', '2020-12-29 14:45:22'),
(24, 'Lorem Ipsum is simply dummy text of the printing and typesetting industry. Lorem Ipsum has been the industry', NULL, 16, 30, '2021-11-12 20:45:56', 1, 0, NULL, '2020-12-29 14:46:43', '2020-12-29 14:46:43'),
(25, 'Lorem Ipsum is simply dummy text of the printing and typesetting industry. Lorem Ipsum has been the industry', NULL, 18, 30, '2021-11-19 20:45:56', 1, 1, NULL, '2020-12-29 14:47:09', '2020-12-29 14:49:44'),
(26, 'Lorem Ipsum is simply dummy text of the printing and typesetting industry. Lorem Ipsum has been the industry', NULL, 19, 30, '2021-11-18 20:45:56', 1, 1, NULL, '2020-12-29 14:47:22', '2020-12-29 14:49:11'),
(27, 'Lorem Ipsum is simply dummy text of the printing and typesetting industry. Lorem Ipsum has been the industry', NULL, 16, 30, '2021-11-12 20:45:56', 4, 0, NULL, '2020-12-29 14:47:35', '2020-12-29 14:47:35'),
(28, 'Lorem Ipsum is simply dummy text of the printing and typesetting industry. Lorem Ipsum has been the industry', NULL, 17, 30, '2021-12-17 20:45:56', 3, 0, NULL, '2020-12-29 14:47:49', '2020-12-29 14:48:50'),
(29, 'Lorem Ipsum is simply dummy text of the printing and typesetting industry. Lorem Ipsum has been the industry', NULL, 16, 30, '2021-10-09 20:45:56', 6, 0, NULL, '2020-12-29 14:48:02', '2020-12-29 14:48:02'),
(30, 'Lorem Ipsum is simply dummy text of the printing and typesetting industry. Lorem Ipsum has been the industry', NULL, 17, 30, '2020-12-24 20:45:56', 1, 0, NULL, '2020-12-29 14:48:17', '2020-12-29 14:48:29'),
(31, 'Lorem Ipsum is simply dummy text of the printing and typesetting industry. Lorem Ipsum has been the industry', NULL, 20, 29, '2021-11-25 20:50:49', 1, 0, NULL, '2020-12-29 14:51:41', '2020-12-29 14:51:41'),
(32, 'Lorem Ipsum is simply dummy text of the printing and typesetting industry. Lorem Ipsum has been the industry', NULL, 20, 29, '2021-12-29 20:50:49', 2, 0, NULL, '2020-12-29 14:51:54', '2020-12-29 14:51:54'),
(33, 'Lorem Ipsum is simply dummy text of the printing and typesetting industry. Lorem Ipsum has been the industry', NULL, 22, 29, '2021-08-19 20:50:49', 2, 1, NULL, '2020-12-29 14:52:08', '2020-12-29 14:58:17'),
(34, 'Lorem Ipsum is simply dummy text of the printing and typesetting industry. Lorem Ipsum has been the industry', NULL, 22, 29, '2021-10-27 20:50:49', 1, 1, NULL, '2020-12-29 14:52:22', '2020-12-29 14:58:12'),
(35, 'Lorem Ipsum is simply dummy text of the printing and typesetting industry. Lorem Ipsum has been the industry', NULL, 21, 29, '2021-11-25 20:50:49', 3, 0, NULL, '2020-12-29 14:53:06', '2020-12-29 14:56:43'),
(36, 'Lorem Ipsum is simply dummy text of the printing and typesetting industry. Lorem Ipsum has been the industry', NULL, 21, 29, '2020-12-29 20:54:17', 4, 0, NULL, '2020-12-29 14:54:19', '2020-12-29 14:56:54'),
(37, 'Lorem Ipsum is simply dummy text of the printing and typesetting industry. Lorem Ipsum has been the industry', NULL, 20, 29, '2021-11-11 20:50:49', 7, 0, NULL, '2020-12-29 14:54:34', '2020-12-29 14:54:34'),
(38, 'Lorem Ipsum is simply dummy text of the printing and typesetting industry. Lorem Ipsum has been the industry', NULL, 23, 28, '2021-12-09 21:15:21', 1, 0, NULL, '2020-12-29 15:18:48', '2020-12-29 15:18:48'),
(39, 'Lorem Ipsum is simply dummy text of the printing and typesetting industry. Lorem Ipsum has been the industry', NULL, 25, 28, '2021-11-30 21:15:21', 2, 1, NULL, '2020-12-29 15:19:00', '2020-12-29 09:33:17'),
(40, 'Lorem Ipsum is simply dummy text of the printing and typesetting industry. Lorem Ipsum has been the industry', NULL, 25, 28, '2021-10-19 21:15:21', 1, 1, NULL, '2020-12-29 15:19:52', '2020-12-29 09:33:17'),
(41, 'Lorem Ipsum is simply dummy text of the printing and typesetting industry. Lorem Ipsum has been the industry', NULL, 23, 28, '2021-12-02 21:15:21', 4, 0, NULL, '2020-12-29 15:20:03', '2020-12-29 15:20:03'),
(42, 'Lorem Ipsum is simply dummy text of the printing and typesetting industry. Lorem Ipsum has been the industry', NULL, 23, 28, '2021-11-04 21:15:21', 5, 0, NULL, '2020-12-29 15:20:29', '2020-12-29 15:20:29'),
(43, 'Lorem Ipsum is simply dummy text of the printing and typesetting industry. Lorem Ipsum has been the industry', NULL, 23, 28, '2021-10-13 21:15:21', 6, 0, NULL, '2020-12-29 15:21:30', '2020-12-29 15:21:30'),
(44, 'Lorem Ipsum is simply dummy text of the printing and typesetting industry. Lorem Ipsum has been the industry', NULL, 24, 28, '2020-12-29 21:21:45', 3, 0, NULL, '2020-12-29 15:21:47', '2020-12-29 09:23:23'),
(45, 'Lorem Ipsum is simply dummy text of the printing and typesetting industry. Lorem Ipsum has been the industry', NULL, 24, 28, '2020-12-29 21:21:53', 4, 0, NULL, '2020-12-29 15:21:55', '2020-12-29 09:23:23'),
(46, 'Lorem Ipsum is simply dummy text of the printing and typesetting industry. Lorem Ipsum has been the industry', NULL, 27, 27, '2020-12-29 22:16:27', 2, 0, NULL, '2020-12-29 16:16:28', '2020-12-29 16:17:37'),
(47, 'Lorem Ipsum is simply dummy text of the printing and typesetting industry. Lorem Ipsum has been the industry', NULL, 28, 27, '2021-11-10 21:50:21', 1, 1, NULL, '2020-12-29 16:16:39', '2020-12-29 16:18:42'),
(48, 'Lorem Ipsum is simply dummy text of the printing and typesetting industry. Lorem Ipsum has been the industry', NULL, 26, 27, '2021-11-18 21:50:21', 3, 0, NULL, '2020-12-29 16:16:51', '2020-12-29 16:16:51'),
(49, 'Lorem Ipsum is simply dummy text of the printing and typesetting industry. Lorem Ipsum has been the industry', NULL, 26, 27, '2021-11-17 21:50:21', 4, 0, NULL, '2020-12-29 16:17:13', '2020-12-29 16:17:13'),
(50, 'Lorem Ipsum is simply dummy text of the printing and typesetting industry. Lorem Ipsum has been the industry', NULL, 26, 27, '2020-12-29 22:17:24', 5, 0, NULL, '2020-12-29 16:17:25', '2020-12-29 16:17:25'),
(51, 'Lorem Ipsum is simply dummy text of the printing and typesetting industry. Lorem Ipsum has been the industry', NULL, 28, 27, '2021-12-21 21:50:21', 2, 1, NULL, '2020-12-29 16:17:49', '2020-12-29 16:18:48'),
(52, 'Lorem Ipsum is simply dummy text of the printing and typesetting industry. Lorem Ipsum has been the industry', NULL, 27, 27, '2021-11-11 21:50:21', 4, 0, NULL, '2020-12-29 16:18:09', '2020-12-29 16:18:23'),
(53, 'Lorem Ipsum is simply dummy text of the printing and typesetting industry. Lorem Ipsum has been the industry', NULL, 31, 26, '2021-11-11 22:15:39', 1, 1, NULL, '2020-12-29 16:20:16', '2020-12-29 16:22:23'),
(54, 'Lorem Ipsum is simply dummy text of the printing and typesetting industry. Lorem Ipsum has been the industry', NULL, 29, 26, '2020-12-29 22:20:22', 1, 0, NULL, '2020-12-29 16:20:24', '2020-12-29 10:23:15'),
(55, 'Lorem Ipsum is simply dummy text of the printing and typesetting industry. Lorem Ipsum has been the industry', NULL, 29, 26, '2021-11-25 22:15:39', 3, 0, NULL, '2020-12-29 16:20:35', '2020-12-29 10:23:15'),
(56, 'Lorem Ipsum is simply dummy text of the printing and typesetting industry. Lorem Ipsum has been the industry', NULL, 30, 26, '2021-11-24 22:15:39', 2, 0, NULL, '2020-12-29 16:21:32', '2020-12-29 16:22:10'),
(57, 'Lorem Ipsum is simply dummy text of the printing and typesetting industry. Lorem Ipsum has been the industry', NULL, 29, 26, '2021-11-04 22:15:39', 2, 0, NULL, '2020-12-29 16:22:05', '2020-12-29 10:23:15'),
(58, 'Lorem Ipsum is simply dummy text of the printing and typesetting industry. Lorem Ipsum has been the industry', NULL, 32, 25, '2021-11-18 22:20:16', 1, 0, NULL, '2020-12-29 16:25:00', '2020-12-29 16:25:00'),
(59, 'Lorem Ipsum is simply dummy text of the printing and typesetting industry. Lorem Ipsum has been the industry', NULL, 34, 25, '2021-09-25 22:20:16', 1, 1, NULL, '2020-12-29 16:25:19', '2020-12-29 16:26:18'),
(60, 'Lorem Ipsum is simply dummy text of the printing and typesetting industry. Lorem Ipsum has been the industry', NULL, 33, 25, '2020-12-29 22:25:24', 1, 0, NULL, '2020-12-29 16:25:26', '2020-12-29 16:25:39'),
(61, 'Lorem Ipsum is simply dummy text of the printing and typesetting industry. Lorem Ipsum has been the industry', NULL, 33, 25, '2020-12-29 22:25:30', 2, 0, NULL, '2020-12-29 16:25:31', '2020-12-29 16:25:59'),
(62, 'Lorem Ipsum is simply dummy text of the printing and typesetting industry. Lorem Ipsum has been the industry', NULL, 32, 25, '2020-12-29 22:25:44', 5, 0, NULL, '2020-12-29 16:25:46', '2020-12-29 16:25:46'),
(63, 'Lorem Ipsum is simply dummy text of the printing and typesetting industry. Lorem Ipsum has been the industry', 'Lorem Ipsum is simply dummy text of the printing and typesetting industry. Lorem Ipsum has been the industry', 32, 25, '2020-12-29 22:25:52', 6, 0, NULL, '2020-12-29 16:25:54', '2020-12-29 16:25:54'),
(64, 'Lorem Ipsum is simply dummy text of the printing and typesetting industry. Lorem Ipsum has been the industry', NULL, 35, 24, '2021-10-06 22:25:16', 1, 0, NULL, '2020-12-29 16:27:50', '2020-12-29 10:28:31'),
(65, 'Lorem Ipsum is simply dummy text of the printing and typesetting industry. Lorem Ipsum has been the industry', NULL, 37, 24, '2021-12-09 22:25:16', 1, 1, NULL, '2020-12-29 16:28:03', '2020-12-29 16:29:21'),
(66, 'Lorem Ipsum is simply dummy text of the printing and typesetting industry. Lorem Ipsum has been the industry', NULL, 35, 24, '2020-12-29 22:28:16', 3, 0, NULL, '2020-12-29 16:28:17', '2020-12-29 10:28:31'),
(67, 'Lorem Ipsum is simply dummy text of the printing and typesetting industry. Lorem Ipsum has been the industry', NULL, 36, 24, '2021-07-28 22:25:16', 3, 0, NULL, '2020-12-29 16:28:29', '2020-12-29 16:28:55'),
(68, 'Lorem Ipsum is simply dummy text of the printing and typesetting industry. Lorem Ipsum has been the industry', 'Lorem Ipsum is simply dummy text of the printing and typesetting industry. Lorem Ipsum has been the industry', 36, 24, '2021-08-12 22:25:16', 4, 0, NULL, '2020-12-29 16:28:44', '2020-12-29 16:29:11'),
(69, 'Lorem Ipsum is simply dummy text of the printing and typesetting industry. Lorem Ipsum has been the industry', NULL, 35, 24, '2021-11-25 22:25:16', 6, 0, NULL, '2020-12-29 16:29:06', '2020-12-29 16:29:06'),
(70, 'Lorem Ipsum is simply dummy text of the printing and typesetting industry. Lorem Ipsum has been the industry', NULL, 38, 23, '2021-11-18 22:30:31', 1, 0, NULL, '2020-12-29 16:31:10', '2020-12-29 10:31:46'),
(71, 'Lorem Ipsum is simply dummy text of the printing and typesetting industry. Lorem Ipsum has been the industry', NULL, 38, 23, '2021-10-13 22:30:31', 2, 0, NULL, '2020-12-29 16:31:22', '2020-12-29 10:31:46'),
(72, 'Lorem Ipsum is simply dummy text of the printing and typesetting industry. Lorem Ipsum has been the industry', NULL, 40, 23, '2021-12-29 22:30:31', 2, 1, NULL, '2020-12-29 16:31:36', '2020-12-29 18:00:35'),
(73, 'Lorem Ipsum is simply dummy text of the printing and typesetting industry. Lorem Ipsum has been the industry', 'Lorem Ipsum is simply dummy text of the printing and typesetting industry. Lorem Ipsum has been the industry', 39, 23, '2020-12-29 22:31:43', 2, 0, NULL, '2020-12-29 16:31:44', '2020-12-29 10:33:15'),
(74, 'Lorem Ipsum is simply dummy text of the printing and typesetting industry. Lorem Ipsum has been the industry', NULL, 40, 23, '2020-12-29 22:31:50', 1, 1, NULL, '2020-12-29 16:31:51', '2020-12-29 16:32:50'),
(75, 'Lorem Ipsum is simply dummy text of the printing and typesetting industry. Lorem Ipsum has been the industry', NULL, 39, 23, '2020-12-29 22:32:18', 3, 0, NULL, '2020-12-29 16:32:20', '2020-12-29 10:33:15'),
(76, 'Lorem Ipsum is simply dummy text of the printing and typesetting industry. Lorem Ipsum has been the industry', NULL, 38, 23, '2020-12-11 22:30:31', 4, 0, NULL, '2020-12-29 16:32:30', '2020-12-29 16:32:30'),
(77, 'Lorem Ipsum is simply dummy text of the printing and typesetting industry. Lorem Ipsum has been the industry', NULL, 14, 22, '2020-12-16 22:30:05', 1, 0, NULL, '2020-12-29 16:34:19', '2020-12-29 16:34:56'),
(78, 'Lorem Ipsum is simply dummy text of the printing and typesetting industry. Lorem Ipsum has been the industry', NULL, 15, 22, '2021-11-24 22:30:05', 1, 1, NULL, '2020-12-29 16:34:30', '2020-12-29 16:36:14'),
(79, 'Lorem Ipsum is simply dummy text of the printing and typesetting industry. Lorem Ipsum has been the industry', NULL, 15, 22, '2021-12-02 22:30:05', 2, 1, NULL, '2020-12-29 16:34:50', '2020-12-29 17:59:45'),
(80, 'Lorem Ipsum is simply dummy text of the printing and typesetting industry. Lorem Ipsum has been the industry', NULL, 13, 22, '2021-08-13 22:30:05', 5, 0, NULL, '2020-12-29 16:35:24', '2020-12-29 16:35:24'),
(81, 'Lorem Ipsum is simply dummy text of the printing and typesetting industry. Lorem Ipsum has been the industry', NULL, 13, 22, '2021-11-04 22:30:05', 6, 0, NULL, '2020-12-29 16:35:56', '2020-12-29 16:35:56'),
(82, 'Lorem Ipsum is simply dummy text of the printing and typesetting industry. Lorem Ipsum has been the industry', NULL, 41, 21, '2021-11-24 22:35:18', 1, 0, NULL, '2020-12-29 16:39:27', '2020-12-29 16:39:27'),
(83, 'Lorem Ipsum is simply dummy text of the printing and typesetting industry. Lorem Ipsum has been the industry', NULL, 43, 21, '2021-12-24 22:35:18', 2, 1, NULL, '2020-12-29 16:39:39', '2020-12-29 17:59:59'),
(84, 'Lorem Ipsum is simply dummy text of the printing and typesetting industry. Lorem Ipsum has been the industry', 'Lorem Ipsum is simply dummy text of the printing and typesetting industry. Lorem Ipsum has been the industry', 41, 21, '2021-11-18 14:15:18', 3, 0, NULL, '2020-12-29 16:39:53', '2020-12-29 16:39:53'),
(85, 'Lorem Ipsum is simply dummy text of the printing and typesetting industry. Lorem Ipsum has been the industry', 'Lorem Ipsum is simply dummy text of the printing and typesetting industry. Lorem Ipsum has been the industry Lorem Ipsum is simply dummy text of the printing and typesetting industry. Lorem Ipsum has been the industry', 43, 21, '2021-12-22 22:35:18', 1, 1, NULL, '2020-12-29 16:40:13', '2020-12-29 16:41:02'),
(86, 'Lorem Ipsum is simply dummy text of the printing and typesetting industry. Lorem Ipsum has been the industry', NULL, 41, 21, '2021-11-24 22:35:18', 4, 0, NULL, '2020-12-29 16:40:36', '2020-12-29 16:40:36'),
(87, 'Lorem Ipsum is simply dummy text of the printing and typesetting industry. Lorem Ipsum has been the industry', NULL, 42, 21, '2020-12-29 22:40:45', 3, 0, NULL, '2020-12-29 16:40:46', '2020-12-29 16:40:52'),
(88, 'Lorem Ipsum is simply dummy text of the printing and typesetting industry. Lorem Ipsum has been the industry', NULL, 44, 20, '2021-11-25 22:40:35', 1, 0, NULL, '2020-12-29 16:43:14', '2020-12-29 16:43:14'),
(89, 'Lorem Ipsum is simply dummy text of the printing and typesetting industry. Lorem Ipsum has been the industry', NULL, 44, 20, '2021-12-01 22:40:35', 2, 0, NULL, '2020-12-29 16:43:26', '2020-12-29 16:43:26'),
(90, 'Lorem Ipsum is simply dummy text of the printing and typesetting industry. Lorem Ipsum has been the industry', NULL, 46, 20, '2021-11-10 22:40:35', 1, 1, NULL, '2020-12-29 16:43:41', '2020-12-29 16:45:23'),
(91, 'Lorem Ipsum is simply dummy text of the printing and typesetting industry. Lorem Ipsum has been the industry', NULL, 45, 20, '2020-12-29 22:43:56', 1, 0, NULL, '2020-12-29 16:43:57', '2020-12-29 10:46:33'),
(92, 'Lorem Ipsum is simply dummy text of the printing and typesetting industry. Lorem Ipsum has been the industry', NULL, 44, 20, '2021-11-04 22:40:35', 5, 0, NULL, '2020-12-29 16:44:24', '2020-12-29 16:44:24'),
(93, 'Lorem Ipsum is simply dummy text of the printing and typesetting industry. Lorem Ipsum has been the industry', NULL, 45, 20, '2020-12-29 22:44:35', 2, 0, NULL, '2020-12-29 16:44:36', '2020-12-29 10:46:33'),
(94, 'Lorem Ipsum is simply dummy text of the printing and typesetting industry. Lorem Ipsum has been the industry', NULL, 49, 19, '2021-11-18 22:45:56', 1, 1, NULL, '2020-12-29 16:48:53', '2020-12-29 16:51:10'),
(95, 'Lorem Ipsum is simply dummy text of the printing and typesetting industry. Lorem Ipsum has been the industry', NULL, 48, 19, '2021-12-10 22:45:56', 2, 0, NULL, '2020-12-29 16:49:04', '2020-12-29 16:49:38'),
(96, 'Lorem Ipsum is simply dummy text of the printing and typesetting industry. Lorem Ipsum has been the industry', NULL, 47, 19, '2021-11-18 22:45:56', 3, 0, NULL, '2020-12-29 16:49:14', '2020-12-29 16:49:14'),
(97, 'Lorem Ipsum is simply dummy text of the printing and typesetting industry. Lorem Ipsum has been the industry', NULL, 47, 19, '2021-12-10 18:45:56', 4, 0, NULL, '2020-12-29 16:49:27', '2020-12-29 16:49:27'),
(98, 'Lorem Ipsum is simply dummy text of the printing and typesetting industry. Lorem Ipsum has been the industry', NULL, 48, 19, '2020-12-29 22:49:46', 3, 0, NULL, '2020-12-29 16:49:49', '2020-12-29 16:49:55'),
(99, 'Lorem Ipsum is simply dummy text of the printing and typesetting industry. Lorem Ipsum has been the industry', NULL, 47, 19, '2021-11-11 22:45:56', 5, 0, NULL, '2020-12-29 16:50:07', '2020-12-29 16:50:07'),
(100, 'Lorem Ipsum is simply dummy text of the printing and typesetting industry. Lorem Ipsum has been the industry', NULL, 47, 19, '2020-12-29 18:45:56', 6, 0, NULL, '2020-12-29 16:50:23', '2020-12-29 16:50:23');

-- --------------------------------------------------------

--
-- Table structure for table `task_groups`
--

CREATE TABLE `task_groups` (
  `id` bigint(20) UNSIGNED NOT NULL,
  `task_group_name` text COLLATE utf8mb4_unicode_ci DEFAULT NULL,
  `project_id` int(11) DEFAULT NULL,
  `bOrder` int(11) DEFAULT NULL,
  `created_at` timestamp NULL DEFAULT NULL,
  `updated_at` timestamp NULL DEFAULT NULL
) ENGINE=InnoDB DEFAULT CHARSET=utf8mb4 COLLATE=utf8mb4_unicode_ci;

--
-- Dumping data for table `task_groups`
--

INSERT INTO `task_groups` (`id`, `task_group_name`, `project_id`, `bOrder`, `created_at`, `updated_at`) VALUES
(1, 'ToDo', 33, 1, '2020-12-28 11:12:14', '2020-12-28 11:15:22'),
(2, 'Doing', 33, 2, '2020-12-28 11:12:28', '2020-12-28 11:15:22'),
(3, 'Testing', 33, 3, '2020-12-28 11:12:42', '2020-12-28 11:15:22'),
(4, 'Done', 33, 4, '2020-12-28 11:12:57', '2020-12-28 11:15:22'),
(5, 'ToDo', 32, 1, '2020-12-28 11:20:32', '2020-12-28 11:20:32'),
(8, 'Doing', 32, 2, '2020-12-28 11:20:57', '2020-12-28 11:20:57'),
(9, 'Done', 32, 3, '2020-12-28 11:21:12', '2020-12-28 11:21:12'),
(10, 'ToDo', 31, 1, '2020-12-28 11:25:47', '2020-12-28 11:25:47'),
(11, 'Doing', 31, 2, '2020-12-28 11:25:53', '2020-12-28 11:25:53'),
(12, 'Done', 31, 3, '2020-12-28 11:25:59', '2020-12-28 11:25:59'),
(13, 'ToDo', 22, 1, '2020-12-28 12:26:53', '2020-12-29 10:34:33'),
(14, 'Doing', 22, 2, '2020-12-28 12:27:00', '2020-12-29 10:34:33'),
(15, 'Done', 22, 3, '2020-12-28 12:27:05', '2020-12-29 10:34:33'),
(16, 'ToDo', 30, 1, '2020-12-29 08:46:05', '2020-12-29 08:46:05'),
(17, 'Doing', 30, 2, '2020-12-29 08:46:11', '2020-12-29 08:46:11'),
(18, 'Testing', 30, 3, '2020-12-29 08:46:22', '2020-12-29 08:46:22'),
(19, 'Done', 30, 4, '2020-12-29 08:46:27', '2020-12-29 08:46:27'),
(20, 'ToDo', 29, 1, '2020-12-29 08:51:06', '2020-12-29 08:51:56'),
(21, 'Doing', 29, 2, '2020-12-29 08:51:17', '2020-12-29 08:51:56'),
(22, 'Done', 29, 3, '2020-12-29 08:51:26', '2020-12-29 08:51:56'),
(23, 'ToDo', 28, 1, '2020-12-29 09:17:03', '2020-12-29 09:17:03'),
(24, 'Doing', 28, 2, '2020-12-29 09:18:28', '2020-12-29 09:18:28'),
(25, 'Done', 28, 3, '2020-12-29 09:18:35', '2020-12-29 09:18:35'),
(26, 'ToDo', 27, 1, '2020-12-29 10:15:50', '2020-12-29 10:15:50'),
(27, 'Doing', 27, 2, '2020-12-29 10:15:58', '2020-12-29 10:15:58'),
(28, 'Done', 27, 3, '2020-12-29 10:16:05', '2020-12-29 10:16:05'),
(29, 'ToDo', 26, 1, '2020-12-29 10:19:49', '2020-12-29 10:21:53'),
(30, 'Doing', 26, 2, '2020-12-29 10:19:56', '2020-12-29 10:20:26'),
(31, 'Done', 26, 3, '2020-12-29 10:20:03', '2020-12-29 10:20:26'),
(32, 'ToDo', 25, 1, '2020-12-29 10:24:33', '2020-12-29 10:24:33'),
(33, 'Doing', 25, 2, '2020-12-29 10:24:39', '2020-12-29 10:24:39'),
(34, 'Done', 25, 3, '2020-12-29 10:24:49', '2020-12-29 10:24:49'),
(35, 'ToDo', 24, 1, '2020-12-29 10:27:26', '2020-12-29 10:28:32'),
(36, 'Doing', 24, 2, '2020-12-29 10:27:32', '2020-12-29 10:28:32'),
(37, 'Done', 24, 3, '2020-12-29 10:27:37', '2020-12-29 10:28:32'),
(38, 'ToDo', 23, 1, '2020-12-29 10:30:44', '2020-12-29 10:30:44'),
(39, 'Doing', 23, 2, '2020-12-29 10:30:50', '2020-12-29 10:30:50'),
(40, 'Done', 23, 3, '2020-12-29 10:30:56', '2020-12-29 10:30:56'),
(41, 'ToDo', 21, 1, '2020-12-29 10:38:42', '2020-12-29 10:38:42'),
(42, 'Doing', 21, 2, '2020-12-29 10:38:55', '2020-12-29 10:38:55'),
(43, 'Done', 21, 3, '2020-12-29 10:39:02', '2020-12-29 10:39:02'),
(44, 'ToDo', 20, 1, '2020-12-29 10:42:47', '2020-12-29 10:43:28'),
(45, 'Doing', 20, 2, '2020-12-29 10:42:54', '2020-12-29 10:43:28'),
(46, 'Done', 20, 3, '2020-12-29 10:43:02', '2020-12-29 10:43:28'),
(47, 'ToDo', 19, 1, '2020-12-29 10:48:05', '2020-12-29 10:48:05'),
(48, 'Doing', 19, 2, '2020-12-29 10:48:23', '2020-12-29 10:48:23'),
(49, 'Done', 19, 3, '2020-12-29 10:48:40', '2020-12-29 10:48:40');

-- --------------------------------------------------------

--
-- Table structure for table `task_staff_maps`
--

CREATE TABLE `task_staff_maps` (
  `id` bigint(20) UNSIGNED NOT NULL,
  `staff_id` int(11) DEFAULT NULL,
  `task_id` int(11) DEFAULT NULL,
  `project_id` int(11) DEFAULT NULL,
  `created_at` timestamp NULL DEFAULT NULL,
  `updated_at` timestamp NULL DEFAULT NULL
) ENGINE=InnoDB DEFAULT CHARSET=utf8mb4 COLLATE=utf8mb4_unicode_ci;

--
-- Dumping data for table `task_staff_maps`
--

INSERT INTO `task_staff_maps` (`id`, `staff_id`, `task_id`, `project_id`, `created_at`, `updated_at`) VALUES
(27, 4, 3, 33, '2020-12-28 12:35:04', '2020-12-28 12:35:04'),
(28, 12, 3, 33, '2020-12-28 12:35:08', '2020-12-28 12:35:08'),
(29, 7, 3, 33, '2020-12-28 12:35:12', '2020-12-28 12:35:12'),
(30, 14, 3, 33, '2020-12-28 12:35:25', '2020-12-28 12:35:25'),
(31, 4, 1, 33, '2020-12-28 12:35:34', '2020-12-28 12:35:34'),
(32, 14, 1, 33, '2020-12-28 12:35:38', '2020-12-28 12:35:38'),
(33, 14, 5, 33, '2020-12-28 12:35:45', '2020-12-28 12:35:45'),
(34, 1, 9, 33, '2020-12-28 12:40:19', '2020-12-28 12:40:19'),
(35, 4, 4, 33, '2020-12-28 12:40:30', '2020-12-28 12:40:30'),
(36, 7, 6, 33, '2020-12-28 12:40:36', '2020-12-28 12:40:36'),
(37, 1, 8, 33, '2020-12-28 12:40:41', '2020-12-28 12:40:41'),
(39, 4, 7, 33, '2020-12-28 12:40:56', '2020-12-28 12:40:56'),
(40, 7, 22, 22, '2020-12-28 12:41:17', '2020-12-28 12:41:17'),
(41, 14, 10, 32, '2020-12-29 08:41:55', '2020-12-29 08:41:55'),
(42, 11, 10, 32, '2020-12-29 08:41:59', '2020-12-29 08:41:59'),
(43, 1, 10, 32, '2020-12-29 08:42:18', '2020-12-29 08:42:18'),
(44, 1, 11, 32, '2020-12-29 08:42:27', '2020-12-29 08:42:27'),
(45, 1, 14, 32, '2020-12-29 08:42:34', '2020-12-29 08:42:34'),
(46, 1, 16, 32, '2020-12-29 08:42:47', '2020-12-29 08:42:47'),
(47, 4, 13, 32, '2020-12-29 08:42:53', '2020-12-29 08:42:53'),
(48, 1, 15, 32, '2020-12-29 08:43:03', '2020-12-29 08:43:03'),
(49, 14, 12, 32, '2020-12-29 08:43:15', '2020-12-29 08:43:15'),
(50, 4, 17, 31, '2020-12-29 08:44:40', '2020-12-29 08:44:40'),
(51, 1, 20, 31, '2020-12-29 08:44:47', '2020-12-29 08:44:47'),
(52, 1, 21, 31, '2020-12-29 08:44:55', '2020-12-29 08:44:55'),
(53, 4, 23, 31, '2020-12-29 08:45:28', '2020-12-29 08:45:28'),
(54, 4, 18, 31, '2020-12-29 08:45:34', '2020-12-29 08:45:34'),
(55, 1, 18, 31, '2020-12-29 08:45:37', '2020-12-29 08:45:37'),
(56, 1, 19, 31, '2020-12-29 08:45:45', '2020-12-29 08:45:45'),
(57, 1, 26, 30, '2020-12-29 08:49:19', '2020-12-29 08:49:19'),
(58, 4, 25, 30, '2020-12-29 08:49:38', '2020-12-29 08:49:38'),
(59, 7, 28, 30, '2020-12-29 08:49:50', '2020-12-29 08:49:50'),
(60, 4, 30, 30, '2020-12-29 08:49:57', '2020-12-29 08:49:57'),
(61, 11, 29, 30, '2020-12-29 08:50:03', '2020-12-29 08:50:03'),
(62, 1, 27, 30, '2020-12-29 08:50:10', '2020-12-29 08:50:10'),
(63, 7, 24, 30, '2020-12-29 08:50:18', '2020-12-29 08:50:18'),
(64, 4, 24, 30, '2020-12-29 08:50:31', '2020-12-29 08:50:31'),
(65, 11, 34, 29, '2020-12-29 08:58:23', '2020-12-29 08:58:23'),
(66, 5, 33, 29, '2020-12-29 08:58:29', '2020-12-29 08:58:29'),
(67, 12, 35, 29, '2020-12-29 08:58:49', '2020-12-29 08:58:49'),
(68, 7, 36, 29, '2020-12-29 08:58:55', '2020-12-29 08:58:55'),
(69, 1, 31, 29, '2020-12-29 08:59:03', '2020-12-29 08:59:03'),
(70, 1, 32, 29, '2020-12-29 09:00:11', '2020-12-29 09:00:11'),
(71, 5, 32, 29, '2020-12-29 09:00:14', '2020-12-29 09:00:14'),
(72, 4, 37, 29, '2020-12-29 09:00:20', '2020-12-29 09:00:20'),
(73, 4, 38, 28, '2020-12-29 09:32:31', '2020-12-29 09:32:31'),
(74, 12, 41, 28, '2020-12-29 09:32:37', '2020-12-29 09:32:37'),
(75, 1, 42, 28, '2020-12-29 09:32:43', '2020-12-29 09:32:43'),
(76, 12, 43, 28, '2020-12-29 09:32:53', '2020-12-29 09:32:53'),
(77, 4, 44, 28, '2020-12-29 09:32:59', '2020-12-29 09:32:59'),
(78, 1, 45, 28, '2020-12-29 09:33:05', '2020-12-29 09:33:05'),
(79, 4, 39, 28, '2020-12-29 09:33:12', '2020-12-29 09:33:12'),
(80, 1, 40, 28, '2020-12-29 09:33:20', '2020-12-29 09:33:20'),
(81, 5, 47, 27, '2020-12-29 10:18:53', '2020-12-29 10:18:53'),
(82, 1, 51, 27, '2020-12-29 10:18:59', '2020-12-29 10:18:59'),
(83, 9, 52, 27, '2020-12-29 10:19:05', '2020-12-29 10:19:05'),
(84, 1, 46, 27, '2020-12-29 10:19:10', '2020-12-29 10:19:10'),
(85, 1, 50, 27, '2020-12-29 10:19:18', '2020-12-29 10:19:18'),
(86, 5, 49, 27, '2020-12-29 10:19:23', '2020-12-29 10:19:23'),
(87, 9, 48, 27, '2020-12-29 10:19:29', '2020-12-29 10:19:29'),
(88, 12, 53, 26, '2020-12-29 10:22:27', '2020-12-29 10:22:27'),
(89, 1, 56, 26, '2020-12-29 10:22:34', '2020-12-29 10:22:34'),
(90, 7, 54, 26, '2020-12-29 10:22:41', '2020-12-29 10:22:41'),
(91, 1, 55, 26, '2020-12-29 10:22:52', '2020-12-29 10:22:52'),
(92, 7, 57, 26, '2020-12-29 10:22:59', '2020-12-29 10:22:59'),
(93, 4, 57, 26, '2020-12-29 10:23:04', '2020-12-29 10:23:04'),
(94, 1, 59, 25, '2020-12-29 10:26:27', '2020-12-29 10:26:27'),
(95, 4, 60, 25, '2020-12-29 10:26:32', '2020-12-29 10:26:32'),
(96, 4, 60, 25, '2020-12-29 10:26:33', '2020-12-29 10:26:33'),
(97, 1, 61, 25, '2020-12-29 10:26:38', '2020-12-29 10:26:38'),
(98, 4, 63, 25, '2020-12-29 10:26:44', '2020-12-29 10:26:44'),
(99, 1, 62, 25, '2020-12-29 10:26:51', '2020-12-29 10:26:51'),
(100, 7, 58, 25, '2020-12-29 10:26:57', '2020-12-29 10:26:57'),
(101, 4, 65, 24, '2020-12-29 10:29:35', '2020-12-29 10:29:35'),
(102, 4, 68, 24, '2020-12-29 10:29:48', '2020-12-29 10:29:48'),
(103, 1, 67, 24, '2020-12-29 10:30:00', '2020-12-29 10:30:00'),
(104, 7, 69, 24, '2020-12-29 10:30:06', '2020-12-29 10:30:06'),
(105, 11, 66, 24, '2020-12-29 10:30:12', '2020-12-29 10:30:12'),
(106, 12, 64, 24, '2020-12-29 10:30:19', '2020-12-29 10:30:19'),
(107, 12, 74, 23, '2020-12-29 10:32:57', '2020-12-29 10:32:57'),
(108, 11, 73, 23, '2020-12-29 10:33:04', '2020-12-29 10:33:04'),
(109, 1, 72, 23, '2020-12-29 10:33:12', '2020-12-29 10:33:12'),
(110, 11, 75, 23, '2020-12-29 10:33:18', '2020-12-29 10:33:18'),
(111, 1, 76, 23, '2020-12-29 10:33:26', '2020-12-29 10:33:26'),
(112, 11, 71, 23, '2020-12-29 10:33:33', '2020-12-29 10:33:33'),
(113, 1, 70, 23, '2020-12-29 10:33:43', '2020-12-29 10:33:43'),
(114, 1, 78, 22, '2020-12-29 10:36:35', '2020-12-29 10:36:35'),
(115, 1, 80, 22, '2020-12-29 10:36:42', '2020-12-29 10:36:42'),
(116, 1, 81, 22, '2020-12-29 10:36:49', '2020-12-29 10:36:49'),
(117, 1, 79, 22, '2020-12-29 10:37:01', '2020-12-29 10:37:01'),
(118, 7, 77, 22, '2020-12-29 10:37:07', '2020-12-29 10:37:07'),
(119, 1, 85, 21, '2020-12-29 10:41:09', '2020-12-29 10:41:09'),
(120, 14, 83, 21, '2020-12-29 10:41:16', '2020-12-29 10:41:16'),
(121, 11, 87, 21, '2020-12-29 10:41:25', '2020-12-29 10:41:25'),
(122, 9, 82, 21, '2020-12-29 10:41:38', '2020-12-29 10:41:38'),
(123, 1, 84, 21, '2020-12-29 10:41:47', '2020-12-29 10:41:47'),
(124, 1, 86, 21, '2020-12-29 10:41:56', '2020-12-29 10:41:56'),
(125, 14, 82, 21, '2020-12-29 10:42:06', '2020-12-29 10:42:06'),
(126, 11, 82, 21, '2020-12-29 10:42:09', '2020-12-29 10:42:09'),
(127, 4, 90, 20, '2020-12-29 10:45:28', '2020-12-29 10:45:28'),
(128, 11, 93, 20, '2020-12-29 10:46:27', '2020-12-29 10:46:27'),
(129, 7, 93, 20, '2020-12-29 10:46:30', '2020-12-29 10:46:30'),
(130, 11, 91, 20, '2020-12-29 10:46:37', '2020-12-29 10:46:37'),
(131, 4, 88, 20, '2020-12-29 10:46:42', '2020-12-29 10:46:42'),
(132, 7, 89, 20, '2020-12-29 10:46:48', '2020-12-29 10:46:48'),
(133, 4, 92, 20, '2020-12-29 10:46:54', '2020-12-29 10:46:54'),
(134, 11, 94, 19, '2020-12-29 10:51:15', '2020-12-29 10:51:15'),
(135, 5, 98, 19, '2020-12-29 10:51:22', '2020-12-29 10:51:22'),
(136, 12, 95, 19, '2020-12-29 10:51:29', '2020-12-29 10:51:29'),
(137, 5, 99, 19, '2020-12-29 10:51:38', '2020-12-29 10:51:38'),
(138, 11, 97, 19, '2020-12-29 10:51:43', '2020-12-29 10:51:43'),
(139, 14, 96, 19, '2020-12-29 10:51:51', '2020-12-29 10:51:51'),
(140, 12, 96, 19, '2020-12-29 10:51:55', '2020-12-29 10:51:55'),
(141, 12, 100, 19, '2020-12-29 10:52:03', '2020-12-29 10:52:03');

-- --------------------------------------------------------

--
-- Table structure for table `timezones`
--

CREATE TABLE `timezones` (
  `id` bigint(20) UNSIGNED NOT NULL,
  `timezone_id` varchar(100) COLLATE utf8mb4_unicode_ci NOT NULL,
  `timezone` varchar(100) COLLATE utf8mb4_unicode_ci NOT NULL,
  `created_at` timestamp NULL DEFAULT NULL,
  `updated_at` timestamp NULL DEFAULT NULL
) ENGINE=InnoDB DEFAULT CHARSET=utf8mb4 COLLATE=utf8mb4_unicode_ci;

--
-- Dumping data for table `timezones`
--

INSERT INTO `timezones` (`id`, `timezone_id`, `timezone`, `created_at`, `updated_at`) VALUES
(1, 'Pacific/Midway', 'Midway Island, Samoa', NULL, NULL),
(2, 'Pacific/Pago_Pago', 'Pago Pago', NULL, NULL),
(3, 'Pacific/Honolulu', 'Hawaii', NULL, NULL),
(4, 'America/Anchorage', 'Alaska', NULL, NULL),
(5, 'America/Vancouver', 'Vancouver', NULL, NULL),
(6, 'America/Los_Angeles', 'Pacific Time (US and Canada)', NULL, NULL),
(7, 'America/Tijuana', 'Tijuana', NULL, NULL),
(8, 'America/Edmonton', 'Edmonton', NULL, NULL),
(9, 'America/Denver', 'Mountain Time (US and Canada)', NULL, NULL),
(10, 'America/Phoenix', 'Arizona', NULL, NULL),
(11, 'America/Mazatlan', 'Mazatlan', NULL, NULL),
(12, 'America/Winnipeg', 'Winnipeg', NULL, NULL),
(13, 'America/Regina', 'Saskatchewan', NULL, NULL),
(14, 'America/Chicago', 'Central Time (US and Canada)', NULL, NULL),
(15, 'America/Mexico_City', 'Mexico City', NULL, NULL),
(16, 'America/Guatemala', 'Guatemala', NULL, NULL),
(17, 'America/El_Salvador', 'El Salvador', NULL, NULL),
(18, 'America/Managua', 'Managua', NULL, NULL),
(19, 'America/Costa_Rica', 'Costa Rica', NULL, NULL),
(20, 'America/Montreal', 'Montreal', NULL, NULL),
(21, 'America/New_York', 'Eastern Time (US and Canada)', NULL, NULL),
(22, 'America/Indianapolis', 'Indiana (East)', NULL, NULL),
(23, 'America/Panama', 'Panama', NULL, NULL),
(24, 'America/Bogota', 'Bogota', NULL, NULL),
(25, 'America/Lima', 'Lima', NULL, NULL),
(26, 'America/Halifax', 'Halifax', NULL, NULL),
(27, 'America/Puerto_Rico', 'Puerto Rico', NULL, NULL),
(28, 'America/Caracas', 'Caracas', NULL, NULL),
(29, 'America/Santiago', 'Santiago', NULL, NULL),
(30, 'America/St_Johns', 'Newfoundland and Labrador', NULL, NULL),
(31, 'America/Montevideo', 'Montevideo', NULL, NULL),
(32, 'America/Araguaina', 'Brasilia', NULL, NULL),
(33, 'America/Argentina/Buenos_Aires', 'Buenos Aires, Georgetown', NULL, NULL),
(34, 'America/Godthab', 'Greenland', NULL, NULL),
(35, 'America/Sao_Paulo', 'Sao Paulo', NULL, NULL),
(36, 'Atlantic/Azores', 'Azores', NULL, NULL),
(37, 'Canada/Atlantic', 'Atlantic Time (Canada)', NULL, NULL),
(38, 'Atlantic/Cape_Verde', 'Cape Verde Islands', NULL, NULL),
(39, 'UTC', 'Universal Time UTC', NULL, NULL),
(40, 'Etc/Greenwich', 'Greenwich Mean Time', NULL, NULL),
(41, 'Europe/Belgrade', 'Belgrade, Bratislava, Ljubljana', NULL, NULL),
(42, 'CET', 'Sarajevo, Skopje, Zagreb', NULL, NULL),
(43, 'Atlantic/Reykjavik', 'Reykjavik', NULL, NULL),
(44, 'Europe/Dublin', 'Dublin', NULL, NULL),
(45, 'Europe/London', 'London', NULL, NULL),
(46, 'Europe/Lisbon', 'Lisbon', NULL, NULL),
(47, 'Africa/Casablanca', 'Casablanca', NULL, NULL),
(48, 'Africa/Nouakchott', 'Nouakchott', NULL, NULL),
(49, 'Europe/Oslo', 'Oslo', NULL, NULL),
(50, 'Europe/Copenhagen', 'Copenhagen', NULL, NULL),
(51, 'Europe/Brussels', 'Brussels', NULL, NULL),
(52, 'Europe/Berlin', 'Amsterdam, Berlin, Rome, Stockholm, Vienna', NULL, NULL),
(53, 'Europe/Helsinki', 'Helsinki', NULL, NULL),
(54, 'Europe/Amsterdam', 'Amsterdam', NULL, NULL),
(55, 'Europe/Rome', 'Rome', NULL, NULL),
(56, 'Europe/Stockholm', 'Stockholm', NULL, NULL),
(57, 'Europe/Vienna', 'Vienna', NULL, NULL),
(58, 'Europe/Luxembourg', 'Luxembourg', NULL, NULL),
(59, 'Europe/Paris', 'Paris', NULL, NULL),
(60, 'Europe/Zurich', 'Zurich', NULL, NULL),
(61, 'Europe/Madrid', 'Madrid', NULL, NULL),
(62, 'Africa/Bangui', 'West Central Africa', NULL, NULL),
(63, 'Africa/Algiers', 'Algiers', NULL, NULL),
(64, 'Africa/Tunis', 'Tunis', NULL, NULL),
(65, 'Africa/Harare', 'Harare, Pretoria', NULL, NULL),
(66, 'Africa/Nairobi', 'Nairobi', NULL, NULL),
(67, 'Europe/Warsaw', 'Warsaw', NULL, NULL),
(68, 'Europe/Prague', 'Prague Bratislava', NULL, NULL),
(69, 'Europe/Budapest', 'Budapest', NULL, NULL),
(70, 'Europe/Sofia', 'Sofia', NULL, NULL),
(71, 'Europe/Istanbul', 'Istanbul', NULL, NULL),
(72, 'Europe/Athens', 'Athens', NULL, NULL),
(73, 'Europe/Bucharest', 'Bucharest', NULL, NULL),
(74, 'Asia/Nicosia', 'Nicosia', NULL, NULL),
(75, 'Asia/Beirut', 'Beirut', NULL, NULL),
(76, 'Asia/Damascus', 'Damascus', NULL, NULL),
(77, 'Asia/Jerusalem', 'Jerusalem', NULL, NULL),
(78, 'Asia/Amman', 'Amman', NULL, NULL),
(79, 'Africa/Tripoli', 'Tripoli', NULL, NULL),
(80, 'Africa/Cairo', 'Cairo', NULL, NULL),
(81, 'Africa/Johannesburg', 'Johannesburg', NULL, NULL),
(82, 'Europe/Moscow', 'Moscow', NULL, NULL),
(83, 'Asia/Baghdad', 'Baghdad', NULL, NULL),
(84, 'Asia/Kuwait', 'Kuwait', NULL, NULL),
(85, 'Asia/Riyadh', 'Riyadh', NULL, NULL),
(86, 'Asia/Bahrain', 'Bahrain', NULL, NULL),
(87, 'Asia/Qatar', 'Qatar', NULL, NULL),
(88, 'Asia/Aden', 'Aden', NULL, NULL),
(89, 'Asia/Tehran', 'Tehran', NULL, NULL),
(90, 'Africa/Khartoum', 'Khartoum', NULL, NULL),
(91, 'Africa/Djibouti', 'Djibouti', NULL, NULL),
(92, 'Africa/Mogadishu', 'Mogadishu', NULL, NULL),
(93, 'Asia/Dubai', 'Dubai', NULL, NULL),
(94, 'Asia/Muscat', 'Muscat', NULL, NULL),
(95, 'Asia/Baku', 'Baku, Tbilisi, Yerevan', NULL, NULL),
(96, 'Asia/Kabul', 'Kabul', NULL, NULL),
(97, 'Asia/Yekaterinburg', 'Yekaterinburg', NULL, NULL),
(98, 'Asia/Tashkent', 'Islamabad, Karachi, Tashkent', NULL, NULL),
(99, 'Asia/Calcutta', 'India', NULL, NULL),
(100, 'Asia/Kathmandu', 'Kathmandu', NULL, NULL),
(101, 'Asia/Novosibirsk', 'Novosibirsk', NULL, NULL),
(102, 'Asia/Almaty', 'Almaty', NULL, NULL),
(103, 'Asia/Dacca', 'Dacca', NULL, NULL),
(104, 'Asia/Krasnoyarsk', 'Krasnoyarsk', NULL, NULL),
(105, 'Asia/Dhaka', 'Astana, Dhaka', NULL, NULL),
(106, 'Asia/Bangkok', 'Bangkok', NULL, NULL),
(107, 'Asia/Saigon', 'Vietnam', NULL, NULL),
(108, 'Asia/Jakarta', 'Jakarta', NULL, NULL),
(109, 'Asia/Irkutsk', 'Irkutsk, Ulaanbaatar', NULL, NULL),
(110, 'Asia/Shanghai', 'Beijing, Shanghai', NULL, NULL),
(111, 'Asia/Hong_Kong', 'Hong Kong', NULL, NULL),
(112, 'Asia/Taipei', 'Taipei', NULL, NULL),
(113, 'Asia/Kuala_Lumpur', 'Kuala Lumpur', NULL, NULL),
(114, 'Asia/Singapore', 'Singapore', NULL, NULL),
(115, 'Australia/Perth', 'Perth', NULL, NULL),
(116, 'Asia/Yakutsk', 'Yakutsk', NULL, NULL),
(117, 'Asia/Seoul', 'Seoul', NULL, NULL),
(118, 'Asia/Tokyo', 'Osaka, Sapporo, Tokyo', NULL, NULL),
(119, 'Australia/Darwin', 'Darwin', NULL, NULL),
(120, 'Australia/Adelaide', 'Adelaide', NULL, NULL),
(121, 'Asia/Vladivostok', 'Vladivostok', NULL, NULL),
(122, 'Pacific/Port_Moresby', 'Guam, Port Moresby', NULL, NULL),
(123, 'Australia/Brisbane', 'Brisbane', NULL, NULL),
(124, 'Australia/Sydney', 'Canberra, Melbourne, Sydney', NULL, NULL),
(125, 'Australia/Hobart', 'Hobart', NULL, NULL),
(126, 'Asia/Magadan', 'Magadan', NULL, NULL),
(127, 'SST', 'Solomon Islands', NULL, NULL),
(128, 'Pacific/Noumea', 'New Caledonia', NULL, NULL),
(129, 'Asia/Kamchatka', 'Kamchatka', NULL, NULL),
(130, 'Pacific/Fiji', 'Fiji Islands, Marshall Islands', NULL, NULL),
(131, 'Pacific/Auckland', 'Auckland, Wellington', NULL, NULL),
(132, 'Asia/Kolkata', 'Mumbai, Kolkata, New Delhi', NULL, NULL),
(133, 'Europe/Kiev', 'Kiev', NULL, NULL),
(134, 'America/Tegucigalpa', 'Tegucigalpa', NULL, NULL),
(135, 'Pacific/Apia', 'Independent State of Samoa', NULL, NULL);

-- --------------------------------------------------------

--
-- Table structure for table `users`
--

CREATE TABLE `users` (
  `id` bigint(20) UNSIGNED NOT NULL,
  `name` varchar(191) COLLATE utf8mb4_unicode_ci NOT NULL,
  `email` varchar(191) COLLATE utf8mb4_unicode_ci NOT NULL,
  `email_verified_at` timestamp NULL DEFAULT NULL,
  `password` varchar(191) COLLATE utf8mb4_unicode_ci NOT NULL,
  `designation` varchar(200) COLLATE utf8mb4_unicode_ci DEFAULT NULL,
  `phone` varchar(200) COLLATE utf8mb4_unicode_ci DEFAULT NULL,
  `skype_id` varchar(200) COLLATE utf8mb4_unicode_ci DEFAULT NULL,
  `facebook_id` varchar(200) COLLATE utf8mb4_unicode_ci DEFAULT NULL,
  `address` text COLLATE utf8mb4_unicode_ci DEFAULT NULL,
  `city` varchar(200) COLLATE utf8mb4_unicode_ci DEFAULT NULL,
  `state` varchar(200) COLLATE utf8mb4_unicode_ci DEFAULT NULL,
  `zip_code` varchar(100) COLLATE utf8mb4_unicode_ci DEFAULT NULL,
  `photo` varchar(255) COLLATE utf8mb4_unicode_ci DEFAULT NULL,
  `url` text COLLATE utf8mb4_unicode_ci DEFAULT NULL,
  `bactive` varchar(200) COLLATE utf8mb4_unicode_ci DEFAULT NULL,
  `bkey` varchar(200) COLLATE utf8mb4_unicode_ci DEFAULT NULL,
  `country_id` int(11) DEFAULT NULL,
  `active_id` int(11) DEFAULT NULL,
  `role_id` int(11) DEFAULT NULL,
  `creation_date` timestamp NULL DEFAULT NULL,
  `remember_token` varchar(100) COLLATE utf8mb4_unicode_ci DEFAULT NULL,
  `created_at` timestamp NULL DEFAULT NULL,
  `updated_at` timestamp NULL DEFAULT NULL
) ENGINE=InnoDB DEFAULT CHARSET=utf8mb4 COLLATE=utf8mb4_unicode_ci;

--
-- Dumping data for table `users`
--

INSERT INTO `users` (`id`, `name`, `email`, `email_verified_at`, `password`, `designation`, `phone`, `skype_id`, `facebook_id`, `address`, `city`, `state`, `zip_code`, `photo`, `url`, `bactive`, `bkey`, `country_id`, `active_id`, `role_id`, `creation_date`, `remember_token`, `created_at`, `updated_at`) VALUES
(1, 'Kawsar Ahmed', 'admin@themeposh.xyz', NULL, '$2y$10$rFRk3bm3MiCK2fHICpnpUuMOds5cCeLaLmRVI7vLDW0oJ4ZW6M/GW', 'Programmer', '0123456789', 'admintw', 'admintw', 'House # 2/C/3/A, Road # 1, Shaymoly', 'Dhaka', 'Dhaka', '1230', '27122020165436-13.png', NULL, 'YWRtaW4xMjM0NTY=', NULL, NULL, 1, 1, '2020-12-28 09:36:19', NULL, '2020-09-21 05:56:57', '2021-01-05 09:51:08'),
(4, 'Fahim Ahmed', 'staff@themeposh.xyz', NULL, '$2y$10$K.bL.umC0lumVtcKTA3zzeE1dgeF6/h0P8fl.3t/HVqzvdG/UC6bG', 'Programmer', '0123456789', 'Stafftw', 'Stafftw', 'House # 2/C/3/A, Road # 1, Shaymoly', NULL, NULL, NULL, '27122020164930-11.png', NULL, 'c3RhZmYxMjM0NTY=', NULL, NULL, 1, 3, '2020-12-28 09:36:36', 'V9d7Z1LIJiS3PO1Jqli0B3e0YZWRF4Ab0naoRdjvay2PAaVfm20mp0GTJFML', '2020-12-27 10:49:37', '2020-12-28 09:36:37'),
(5, 'Monir Hosen', 'monirhosentw@gmail.com', NULL, '$2y$10$APgIYm2exxP.NEgrJM1uxObCY9YDDeLAiXFQq7B6ub9r6dfP04Vhq', 'Programmer', '0123456789', 'monirhosentw', 'monirhosentw', 'House # 2/C/3/A, Road # 1, Shaymoly', NULL, NULL, NULL, '27122020163632-2.png', NULL, 'bW9uaXJob3NlbnR3QGdtYWlsLmNvbQ==', NULL, NULL, 1, 3, '2020-12-27 10:36:33', NULL, '2020-12-27 10:36:33', '2020-12-28 08:50:39'),
(6, 'Tuhin Khan', 'tkhantw@gmail.com', NULL, '$2y$10$nOeSX1mTLpCS8BTvOnCy0OsENrosc5TI3H.jfBmXKUZoJzyYSltka', 'Web Designer', '0123456789', 'tkhantw', 'tkhantw', 'House # 2/C/3/A, Road # 1, Shaymoly', NULL, NULL, NULL, '27122020163709-3.png', NULL, 'dGtoYW50d0BnbWFpbC5jb20=', NULL, NULL, 2, 3, '2020-12-27 10:37:10', NULL, '2020-12-27 10:37:11', '2020-12-27 10:55:05'),
(7, 'Masudul Hassan', 'mhassantw@gmail.com', NULL, '$2y$10$ul5BH56HIIdf3N/ki0m2DeIP5nvTyTbQai7cmW9HcoMiUV/.ERi..', 'Web Designer', '0123456789', 'mhassantw', 'mhassantw', 'House # 2/C/3/A, Road # 1, Shaymoly', NULL, NULL, NULL, '27122020163804-4.png', NULL, 'bWhhc3NhbnR3QGdtYWlsLmNvbQ==', NULL, NULL, 1, 3, '2020-12-27 10:38:04', NULL, '2020-12-27 10:38:04', '2020-12-27 10:38:04'),
(8, 'Nabil Surker', 'nabilsurkertw@gmail.com', NULL, '$2y$10$ceaq17bCTnU7uIUgmqTBquPu.5i3XMfXvgleEgZkcQeq/GW.3mmD.', 'Web Designer', '0123456789', 'nabilsurkertw', 'nabilsurkertw', 'House # 2/C/3/A, Road # 1, Shaymoly', NULL, NULL, NULL, '27122020163926-5.png', NULL, 'bmFiaWxzdXJrZXJ0d0BnbWFpbC5jb20=', NULL, NULL, 2, 3, '2020-12-27 10:39:27', NULL, '2020-12-27 10:39:27', '2020-12-27 10:55:01'),
(9, 'Saiful Islam', 'saifulislamtw@gmail.com', NULL, '$2y$10$49c3l2ta3BljIEp9PnCa4euwUQXCZd1jBW6rq2y8K3Wc2eAQFQ0za', 'Web Designer', '0123456789', 'saifulislamtw', 'saifulislamtw', 'House # 2/C/3/A, Road # 1, Shaymoly', NULL, NULL, NULL, '27122020164012-6.png', NULL, 'c2FpZnVsaXNsYW10d0BnbWFpbC5jb20=', NULL, NULL, 1, 3, '2020-12-27 10:40:14', NULL, '2020-12-27 10:40:14', '2020-12-27 10:40:14'),
(10, 'Mehedi Hasan', 'mehedihasantw@gmail.com', NULL, '$2y$10$Xq0wf6t3cdYenfhWfTEbn.0/XAMEHVONYLClZORS2o/qcocR5H7sm', 'Web Designer', '0123456789', 'mehedihasantw', 'mehedihasantw', 'House # 2/C/3/A, Road # 1, Shaymoly', NULL, NULL, NULL, '27122020164054-7.png', NULL, 'bWVoZWRpaGFzYW50d0BnbWFpbC5jb20=', NULL, NULL, 2, 3, '2020-12-27 10:40:56', NULL, '2020-12-27 10:40:56', '2020-12-27 10:55:22'),
(11, 'Anamul Alam', 'anamulalamtw@gmail.com', NULL, '$2y$10$EHghDM6mSOfmm75h04dNhOoTtSQHEHZJxqLOUAzj.riWebvpgc37y', 'Web Designer', '0123456789', 'anamulalamtw', 'anamulalamtw', 'House # 2/C/3/A, Road # 1, Shaymoly', NULL, NULL, NULL, '27122020164206-8.png', NULL, 'YW5hbXVsYWxhbXR3QGdtYWlsLmNvbQ==', NULL, NULL, 1, 3, '2020-12-27 10:42:08', NULL, '2020-12-27 10:42:08', '2020-12-27 10:42:08'),
(12, 'Farhad Ali', 'farhadalitw@gmail.com', NULL, '$2y$10$teRtIrDpUla2wpV9tBoUSOYLgXo5ofGAPeuCwGoKtwQpHj7/XLoxq', 'Programmer', '0123456789', 'farhadalitw', 'farhadalitw', 'House # 2/C/3/A, Road # 1, Shaymoly', NULL, NULL, NULL, '27122020164254-9.jpg', NULL, 'ZmFyaGFkYWxpdHdAZ21haWwuY29t', NULL, NULL, 1, 3, '2020-12-27 10:42:54', NULL, '2020-12-27 10:42:55', '2020-12-27 10:42:55'),
(13, 'Samrat Tansen', 'samrattansentw@gmail.com', NULL, '$2y$10$Rtv0YGy/umdth4bBhvben.6ymKXhB2wLZCW4oPPS0M12QO3op.7HC', 'Programmer', '0123456789', 'samrattansentw', 'samrattansentw', 'House # 2/C/3/A, Road # 1, Shaymoly', NULL, NULL, NULL, '27122020164349-10.png', NULL, 'c2FtcmF0dGFuc2VudHdAZ21haWwuY29t', NULL, NULL, 2, 3, '2020-12-27 10:43:51', NULL, '2020-12-27 10:43:51', '2020-12-27 10:57:09'),
(14, 'Mozammel Hoque', 'mozammelhoque@gmail.com', NULL, '$2y$10$hvCaCxrCG.24Nde1BqLdQ.7otgepaJACUpj5zUqyVHEJgcWWL.xDO', 'Programmer', '0123456789', 'mozammelhoque', 'mozammelhoque', 'House # 2/C/3/A, Road # 1, Shaymoly', NULL, NULL, NULL, '27122020165626-1.png', NULL, 'bW96YW1tZWxob3F1ZQ==', NULL, NULL, 1, 3, '2020-12-28 09:10:27', NULL, '2020-12-27 10:51:51', '2020-12-28 09:10:27'),
(17, 'Kamrul Islam', 'client@themeposh.xyz', NULL, '$2y$10$lxchNnh5Gq1Ye2EQNVF0iu/ntJNG0r8RTPIa/O.UU8MrlPyYRBKMG', NULL, '0123456789', 'clienttw', 'clienttw', 'House # 2/C/3/A, Road # 1, Shaymoly', 'Dhaka', 'Dhaka', '1209', '27122020171330-24.png', 'https://www.teamwork-laravel.themeposh.xyz', 'Y2xpZW50MTIzNDU2', NULL, 20, 1, 2, '2020-12-27 11:13:32', 'vfiQQd6HIGvDHWDqyCQeRDXr55ya0tARsMWVMVr8WBy4nwf5suEUkSZaop4X', '2020-12-27 11:13:32', '2020-12-27 11:13:32'),
(20, 'Salim Rana', 'sranatw@gmail.com', NULL, '$2y$10$yHwlZz.M8fKx3K8C4Q.VcujC1h0kx3tdXjAbqwlcpeRyk2xzPSewu', NULL, '0123456789', 'sranatw', 'sranatw', 'House # 2/C/3/A, Road # 1, Shaymoly', 'Bologna', 'Bologna', '40100', '27122020170015-14.png', 'https://www.teamwork-laravel.themeposh.xyz', 'c3JhbmF0d0BnbWFpbC5jb20=', NULL, 111, 1, 2, '2020-12-27 11:00:16', NULL, '2020-12-27 11:00:17', '2020-12-27 11:00:17'),
(21, 'Abu Rashed', 'rashedtw@gmail.com', NULL, '$2y$10$rf3rWN44arD3qLcCVlfGvO7dq7LdLQxxfGF6shkK3zLqjvFsLr/ne', NULL, '0123456789', 'rashedtw', 'rashedtw', 'House # 2/C/3/A, Road # 1, Shaymoly', 'ABCD', 'ABCD', '1250', '27122020170145-15.png', 'https://www.teamwork-laravel.themeposh.xyz', 'cmFzaGVkdHdAZ21haWwuY29t', NULL, 11, 2, 2, '2020-12-27 11:01:47', NULL, '2020-12-27 11:01:47', '2020-12-27 11:13:47'),
(27, 'Rasel Ahmed', 'raseltw@gmail.com', NULL, '$2y$10$FLfu98v8n4xrTAvcL7FGSehpiWou3pjb6ugQ/dO7Gs2DezaOuGN1W', NULL, '0123456789', 'raseltw', 'raseltw', 'House # 2/C/3/A, Road # 1, Shaymoly', 'Dhaka', 'Dhaka', '1209', '27122020170300-16.png', 'https://www.teamwork-laravel.themeposh.xyz', 'cmFzZWx0d0BnbWFpbC5jb20=', NULL, 20, 1, 2, '2020-12-27 11:03:01', NULL, '2020-12-27 11:03:02', '2020-12-27 11:03:02'),
(28, 'Sultanul Shihab', 'sshihabtw@gmail.com', NULL, '$2y$10$3/lHoNAJ4PWSNwcJ3nz4..lwdhCVYDghC87Bhz/d0Z6w3YMjt5jbm', NULL, '0123456789', 'sshihabtw', 'sshihabtw', 'House # 2/C/3/A, Road # 1, Shaymoly', 'Punjab', 'Punjab', '54950', '27122020170400-17.png', 'https://www.teamwork-laravel.themeposh.xyz', 'c3NoaWhhYnR3QGdtYWlsLmNvbQ==', NULL, 171, 2, 2, '2020-12-27 11:04:02', NULL, '2020-12-27 11:04:02', '2020-12-27 11:13:51'),
(29, 'Shamim', 'shamimtw@gmail.com', NULL, '$2y$10$A.YLBgoYklx4HCWjbqGst.wATlxGsTuzydZStGrjbmmWKlmKjIyOa', NULL, '0123456789', 'shamimtw', 'shamimtw', 'House # 2/C/3/A, Road # 1, Shaymoly', 'Victoria', 'Victoria', '3000', '27122020170512-18.png', 'https://www.teamwork-laravel.themeposh.xyz', 'c2hhbWltdHdAZ21haWwuY29t', NULL, 15, 2, 2, '2020-12-27 11:05:14', NULL, '2020-12-27 11:05:14', '2020-12-27 11:13:45'),
(30, 'Rakib Hosain', 'rakibhosaintw@gmail.com', NULL, '$2y$10$rphK63kxlOq8RihyYJ/vneNGhz8a3l6H2VSzUNCOjTRqJx3EWHij.', NULL, '0123456789', 'rakibhosaintw', 'rakibhosaintw', 'House # 2/C/3/A, Road # 1, Shaymoly', 'Punjab', 'Punjab', '54950', '27122020170612-19.png', 'https://www.teamwork-laravel.themeposh.xyz', 'cmFraWJob3NhaW50d0BnbWFpbC5jb20=', NULL, 171, 1, 2, '2020-12-27 11:06:13', NULL, '2020-12-27 11:06:13', '2020-12-27 11:06:13'),
(31, 'Siam Ahmed', 'siamahmedtw@gmail.com', NULL, '$2y$10$zTFZMkfiVEuO.81KUhrGXu6qkOsjD7T5nVC5MLglb6Kilexa04.YK', NULL, '0123456789', 'siamahmedtw', 'siamahmedtw', 'House # 2/C/3/A, Road # 1, Shaymoly', 'Victoria', 'Victoria', '3000', '27122020170714-20.png', 'https://www.teamwork-laravel.themeposh.xyz', 'c2lhbWFobWVkdHdAZ21haWwuY29t', NULL, 15, 2, 2, '2020-12-27 11:07:15', NULL, '2020-12-27 11:07:15', '2020-12-27 11:13:49'),
(32, 'Azad Hosain', 'azadhosaintw@gmail.com', NULL, '$2y$10$a9D9PtlrbWDqK5ii2J9XY.niDpRDZhl9EezqVcl0H4aJHO6p5CZV6', NULL, '0123456789', 'azadhosaintw', 'azadhosaintw', 'House # 2/C/3/A, Road # 1, Shaymoly', 'Kabul', 'Kabul', '1001', '27122020170812-21.png', 'https://www.teamwork-laravel.themeposh.xyz', 'YXphZGhvc2FpbnR3QGdtYWlsLmNvbQ==', NULL, 1, 1, 2, '2020-12-27 11:08:13', NULL, '2020-12-27 11:08:13', '2020-12-27 11:08:13'),
(33, 'Khairul Hasan', 'khasantw@gmail.com', NULL, '$2y$10$mylmFeHoS/doksdZjPvzTe2UofWtvlSOlwruktXWN3U5ailGxxC0K', NULL, '0123456789', 'khairulhasantw', 'khairulhasantw', 'House # 2/C/3/A, Road # 1, Shaymoly', 'Dakha', 'Dakha', '2101', '27122020170924-22.png', 'https://www.teamwork-laravel.themeposh.xyz', 'a2hhc2FudHdAZ21haWwuY29t', NULL, 20, 1, 2, '2020-12-27 11:09:25', NULL, '2020-12-27 11:09:25', '2020-12-27 11:09:25'),
(34, 'Rahul', 'rahulnmtw@gmail.com', NULL, '$2y$10$Un8dq5pYkYweqsXOEsEw0OYKIwf8Rb6DUrneaEyi7hwwbDJl5cV5S', NULL, '0123456789', 'rahulnmtw', 'rahulnmtw', 'House # 2/C/3/A, Road # 1, Shaymoly', 'Punjab', 'Punjab', '143102', '27122020171033-23.png', 'https://www.teamwork-laravel.themeposh.xyz', 'cmFodWxubXR3QGdtYWlsLmNvbQ==', NULL, 104, 2, 2, '2020-12-27 11:10:34', NULL, '2020-12-27 11:10:34', '2020-12-27 11:13:55'),
(35, 'Khalid Hasan', 'khalidhasantw@gmail.com', NULL, '$2y$10$fAvVcJ6csCkRriV81pm9ze1aNlLgPwPJj7Re.Wre6SfAuMaUpuIsO', NULL, '0123456789', 'khalidhasantw', 'khalidhasantw', 'House # 2/C/3/A, Road # 1, Shaymoly', 'Absheron', 'Absheron', 'AZ0100', '27122020171212-2.png', 'https://www.teamwork-laravel.themeposh.xyz', 'a2hhbGlkaGFzYW50d0BnbWFpbC5jb20=', NULL, 17, 1, 2, '2020-12-27 11:12:14', NULL, '2020-12-27 11:12:14', '2020-12-31 23:17:29');

-- --------------------------------------------------------

--
-- Table structure for table `user_actives`
--

CREATE TABLE `user_actives` (
  `id` bigint(20) UNSIGNED NOT NULL,
  `active` varchar(50) COLLATE utf8mb4_unicode_ci NOT NULL,
  `created_at` timestamp NULL DEFAULT NULL,
  `updated_at` timestamp NULL DEFAULT NULL
) ENGINE=InnoDB DEFAULT CHARSET=utf8mb4 COLLATE=utf8mb4_unicode_ci;

--
-- Dumping data for table `user_actives`
--

INSERT INTO `user_actives` (`id`, `active`, `created_at`, `updated_at`) VALUES
(1, 'Active', '2020-09-19 11:30:06', '2020-09-19 11:30:09'),
(2, 'Inactive', '2020-09-19 11:30:26', '2020-09-19 11:30:28');

-- --------------------------------------------------------

--
-- Table structure for table `user_roles`
--

CREATE TABLE `user_roles` (
  `id` bigint(20) UNSIGNED NOT NULL,
  `role` varchar(100) COLLATE utf8mb4_unicode_ci NOT NULL,
  `created_at` timestamp NULL DEFAULT NULL,
  `updated_at` timestamp NULL DEFAULT NULL
) ENGINE=InnoDB DEFAULT CHARSET=utf8mb4 COLLATE=utf8mb4_unicode_ci;

--
-- Dumping data for table `user_roles`
--

INSERT INTO `user_roles` (`id`, `role`, `created_at`, `updated_at`) VALUES
(1, 'Admin', '2020-09-19 11:39:30', '2020-09-19 11:39:33'),
(2, 'Client', '2020-09-19 11:39:55', '2020-09-19 11:39:57'),
(3, 'Staff', '2020-09-19 11:40:13', '2020-09-19 11:40:15');

-- --------------------------------------------------------

--
-- Table structure for table `vpcodes`
--

CREATE TABLE `vpcodes` (
  `id` bigint(20) UNSIGNED NOT NULL,
  `bactive` tinyint(4) NOT NULL DEFAULT 0,
  `resetkey` tinyint(4) NOT NULL DEFAULT 0,
  `created_at` timestamp NULL DEFAULT NULL,
  `updated_at` timestamp NULL DEFAULT NULL
) ENGINE=InnoDB DEFAULT CHARSET=utf8mb4 COLLATE=utf8mb4_unicode_ci;

--
-- Dumping data for table `vpcodes`
--

INSERT INTO `vpcodes` (`id`, `bactive`, `resetkey`, `created_at`, `updated_at`) VALUES
(1, 0, 0, '2022-01-28 04:01:27', '2022-01-28 04:01:27');

-- --------------------------------------------------------

--
-- Table structure for table `years`
--

CREATE TABLE `years` (
  `id` bigint(20) UNSIGNED NOT NULL,
  `yearname` int(11) NOT NULL,
  `created_at` timestamp NULL DEFAULT NULL,
  `updated_at` timestamp NULL DEFAULT NULL
) ENGINE=InnoDB DEFAULT CHARSET=utf8mb4 COLLATE=utf8mb4_unicode_ci;

--
-- Dumping data for table `years`
--

INSERT INTO `years` (`id`, `yearname`, `created_at`, `updated_at`) VALUES
(2019, 2019, '2020-09-18 12:00:00', '2020-09-18 12:00:00'),
(2020, 2020, '2020-09-18 12:00:00', '2020-09-18 12:00:00'),
(2021, 2021, '2020-09-18 12:00:00', '2020-09-18 12:00:00'),
(2022, 2022, '2020-09-18 12:00:00', '2020-09-18 12:00:00'),
(2023, 2023, '2020-09-18 12:00:00', '2020-09-18 12:00:00'),
(2024, 2024, '2020-09-18 12:00:00', '2020-09-18 12:00:00'),
(2025, 2025, '2020-09-18 12:00:00', '2020-09-18 12:00:00'),
(2026, 2026, '2020-09-18 12:00:00', '2020-09-18 12:00:00'),
(2027, 2027, '2020-09-18 12:00:00', '2020-09-18 12:00:00'),
(2028, 2028, '2020-09-18 12:00:00', '2020-09-18 12:00:00'),
(2029, 2029, '2020-09-18 12:00:00', '2020-09-18 12:00:00'),
(2030, 2030, '2020-09-18 12:00:00', '2020-09-18 12:00:00');

-- --------------------------------------------------------

--
-- Table structure for table `zoom_setting`
--

CREATE TABLE `zoom_setting` (
  `id` bigint(20) UNSIGNED NOT NULL,
  `apiurl` text COLLATE utf8mb4_unicode_ci DEFAULT NULL,
  `zoom_api_key` text COLLATE utf8mb4_unicode_ci DEFAULT NULL,
  `zoom_api_secret` text COLLATE utf8mb4_unicode_ci DEFAULT NULL,
  `created_at` timestamp NULL DEFAULT NULL,
  `updated_at` timestamp NULL DEFAULT NULL
) ENGINE=InnoDB DEFAULT CHARSET=utf8mb4 COLLATE=utf8mb4_unicode_ci;

--
-- Dumping data for table `zoom_setting`
--

INSERT INTO `zoom_setting` (`id`, `apiurl`, `zoom_api_key`, `zoom_api_secret`, `created_at`, `updated_at`) VALUES
(1, 'https://api.zoom.us/v2', 'xxxxxxxxxxxxxxxxxxxxxxxxxxxxxxxxxxxxxxxxxxxxx', 'xxxxxxxxxxxxxxxxxxxxxxxxxxxxxxxxxxxxxxxxxxxxx', '2020-10-19 12:08:25', '2022-01-28 03:59:52');

--
-- Indexes for dumped tables
--

--
-- Indexes for table `attachments`
--
ALTER TABLE `attachments`
  ADD PRIMARY KEY (`id`);

--
-- Indexes for table `chat_groups`
--
ALTER TABLE `chat_groups`
  ADD PRIMARY KEY (`id`);

--
-- Indexes for table `chat_group_maps`
--
ALTER TABLE `chat_group_maps`
  ADD PRIMARY KEY (`id`);

--
-- Indexes for table `chat_login_status`
--
ALTER TABLE `chat_login_status`
  ADD PRIMARY KEY (`id`);

--
-- Indexes for table `chat_messages`
--
ALTER TABLE `chat_messages`
  ADD PRIMARY KEY (`id`);

--
-- Indexes for table `comments`
--
ALTER TABLE `comments`
  ADD PRIMARY KEY (`id`);

--
-- Indexes for table `countries`
--
ALTER TABLE `countries`
  ADD PRIMARY KEY (`id`);

--
-- Indexes for table `failed_jobs`
--
ALTER TABLE `failed_jobs`
  ADD PRIMARY KEY (`id`);

--
-- Indexes for table `languages`
--
ALTER TABLE `languages`
  ADD PRIMARY KEY (`id`),
  ADD UNIQUE KEY `languages_language_code_unique` (`language_code`);

--
-- Indexes for table `lankeyvalues`
--
ALTER TABLE `lankeyvalues`
  ADD PRIMARY KEY (`id`);

--
-- Indexes for table `mailtext`
--
ALTER TABLE `mailtext`
  ADD PRIMARY KEY (`id`),
  ADD UNIQUE KEY `mailtext_subject_key_unique` (`subject_key`),
  ADD UNIQUE KEY `mailtext_body_key_unique` (`body_key`);

--
-- Indexes for table `meeting_invitations`
--
ALTER TABLE `meeting_invitations`
  ADD PRIMARY KEY (`id`);

--
-- Indexes for table `messages`
--
ALTER TABLE `messages`
  ADD PRIMARY KEY (`id`),
  ADD UNIQUE KEY `messages_messages_key_unique` (`messages_key`);

--
-- Indexes for table `migrations`
--
ALTER TABLE `migrations`
  ADD PRIMARY KEY (`id`);

--
-- Indexes for table `months`
--
ALTER TABLE `months`
  ADD PRIMARY KEY (`id`);

--
-- Indexes for table `password_resets`
--
ALTER TABLE `password_resets`
  ADD KEY `password_resets_email_index` (`email`);

--
-- Indexes for table `payments`
--
ALTER TABLE `payments`
  ADD PRIMARY KEY (`id`);

--
-- Indexes for table `payment_method`
--
ALTER TABLE `payment_method`
  ADD PRIMARY KEY (`id`);

--
-- Indexes for table `payment_settings`
--
ALTER TABLE `payment_settings`
  ADD PRIMARY KEY (`id`);

--
-- Indexes for table `payment_status`
--
ALTER TABLE `payment_status`
  ADD PRIMARY KEY (`id`);

--
-- Indexes for table `pcodes`
--
ALTER TABLE `pcodes`
  ADD PRIMARY KEY (`id`);

--
-- Indexes for table `projects`
--
ALTER TABLE `projects`
  ADD PRIMARY KEY (`id`);

--
-- Indexes for table `project_staff_maps`
--
ALTER TABLE `project_staff_maps`
  ADD PRIMARY KEY (`id`);

--
-- Indexes for table `pstatus`
--
ALTER TABLE `pstatus`
  ADD PRIMARY KEY (`id`);

--
-- Indexes for table `settings`
--
ALTER TABLE `settings`
  ADD PRIMARY KEY (`id`);

--
-- Indexes for table `tasks`
--
ALTER TABLE `tasks`
  ADD PRIMARY KEY (`id`);

--
-- Indexes for table `task_groups`
--
ALTER TABLE `task_groups`
  ADD PRIMARY KEY (`id`);

--
-- Indexes for table `task_staff_maps`
--
ALTER TABLE `task_staff_maps`
  ADD PRIMARY KEY (`id`);

--
-- Indexes for table `timezones`
--
ALTER TABLE `timezones`
  ADD PRIMARY KEY (`id`);

--
-- Indexes for table `users`
--
ALTER TABLE `users`
  ADD PRIMARY KEY (`id`),
  ADD UNIQUE KEY `users_email_unique` (`email`);

--
-- Indexes for table `user_actives`
--
ALTER TABLE `user_actives`
  ADD PRIMARY KEY (`id`);

--
-- Indexes for table `user_roles`
--
ALTER TABLE `user_roles`
  ADD PRIMARY KEY (`id`);

--
-- Indexes for table `vpcodes`
--
ALTER TABLE `vpcodes`
  ADD PRIMARY KEY (`id`);

--
-- Indexes for table `years`
--
ALTER TABLE `years`
  ADD PRIMARY KEY (`id`);

--
-- Indexes for table `zoom_setting`
--
ALTER TABLE `zoom_setting`
  ADD PRIMARY KEY (`id`);

--
-- AUTO_INCREMENT for dumped tables
--

--
-- AUTO_INCREMENT for table `attachments`
--
ALTER TABLE `attachments`
  MODIFY `id` bigint(20) UNSIGNED NOT NULL AUTO_INCREMENT, AUTO_INCREMENT=2;

--
-- AUTO_INCREMENT for table `chat_groups`
--
ALTER TABLE `chat_groups`
  MODIFY `id` bigint(20) UNSIGNED NOT NULL AUTO_INCREMENT;

--
-- AUTO_INCREMENT for table `chat_group_maps`
--
ALTER TABLE `chat_group_maps`
  MODIFY `id` bigint(20) UNSIGNED NOT NULL AUTO_INCREMENT;

--
-- AUTO_INCREMENT for table `chat_login_status`
--
ALTER TABLE `chat_login_status`
  MODIFY `id` bigint(20) UNSIGNED NOT NULL AUTO_INCREMENT, AUTO_INCREMENT=45;

--
-- AUTO_INCREMENT for table `chat_messages`
--
ALTER TABLE `chat_messages`
  MODIFY `id` bigint(20) UNSIGNED NOT NULL AUTO_INCREMENT, AUTO_INCREMENT=2;

--
-- AUTO_INCREMENT for table `comments`
--
ALTER TABLE `comments`
  MODIFY `id` bigint(20) UNSIGNED NOT NULL AUTO_INCREMENT, AUTO_INCREMENT=215;

--
-- AUTO_INCREMENT for table `countries`
--
ALTER TABLE `countries`
  MODIFY `id` bigint(20) UNSIGNED NOT NULL AUTO_INCREMENT, AUTO_INCREMENT=254;

--
-- AUTO_INCREMENT for table `failed_jobs`
--
ALTER TABLE `failed_jobs`
  MODIFY `id` bigint(20) UNSIGNED NOT NULL AUTO_INCREMENT;

--
-- AUTO_INCREMENT for table `languages`
--
ALTER TABLE `languages`
  MODIFY `id` bigint(20) UNSIGNED NOT NULL AUTO_INCREMENT, AUTO_INCREMENT=6;

--
-- AUTO_INCREMENT for table `lankeyvalues`
--
ALTER TABLE `lankeyvalues`
  MODIFY `id` bigint(20) UNSIGNED NOT NULL AUTO_INCREMENT, AUTO_INCREMENT=5728;

--
-- AUTO_INCREMENT for table `mailtext`
--
ALTER TABLE `mailtext`
  MODIFY `id` bigint(20) UNSIGNED NOT NULL AUTO_INCREMENT, AUTO_INCREMENT=13;

--
-- AUTO_INCREMENT for table `meeting_invitations`
--
ALTER TABLE `meeting_invitations`
  MODIFY `id` bigint(20) UNSIGNED NOT NULL AUTO_INCREMENT, AUTO_INCREMENT=26;

--
-- AUTO_INCREMENT for table `messages`
--
ALTER TABLE `messages`
  MODIFY `id` bigint(20) UNSIGNED NOT NULL AUTO_INCREMENT;

--
-- AUTO_INCREMENT for table `migrations`
--
ALTER TABLE `migrations`
  MODIFY `id` int(10) UNSIGNED NOT NULL AUTO_INCREMENT, AUTO_INCREMENT=35;

--
-- AUTO_INCREMENT for table `months`
--
ALTER TABLE `months`
  MODIFY `id` bigint(20) UNSIGNED NOT NULL AUTO_INCREMENT, AUTO_INCREMENT=13;

--
-- AUTO_INCREMENT for table `payments`
--
ALTER TABLE `payments`
  MODIFY `id` bigint(20) UNSIGNED NOT NULL AUTO_INCREMENT, AUTO_INCREMENT=42;

--
-- AUTO_INCREMENT for table `payment_method`
--
ALTER TABLE `payment_method`
  MODIFY `id` bigint(20) UNSIGNED NOT NULL AUTO_INCREMENT, AUTO_INCREMENT=5;

--
-- AUTO_INCREMENT for table `payment_settings`
--
ALTER TABLE `payment_settings`
  MODIFY `id` bigint(20) UNSIGNED NOT NULL AUTO_INCREMENT, AUTO_INCREMENT=4;

--
-- AUTO_INCREMENT for table `payment_status`
--
ALTER TABLE `payment_status`
  MODIFY `id` bigint(20) UNSIGNED NOT NULL AUTO_INCREMENT, AUTO_INCREMENT=3;

--
-- AUTO_INCREMENT for table `pcodes`
--
ALTER TABLE `pcodes`
  MODIFY `id` bigint(20) UNSIGNED NOT NULL AUTO_INCREMENT, AUTO_INCREMENT=2;

--
-- AUTO_INCREMENT for table `projects`
--
ALTER TABLE `projects`
  MODIFY `id` bigint(20) UNSIGNED NOT NULL AUTO_INCREMENT, AUTO_INCREMENT=36;

--
-- AUTO_INCREMENT for table `project_staff_maps`
--
ALTER TABLE `project_staff_maps`
  MODIFY `id` bigint(20) UNSIGNED NOT NULL AUTO_INCREMENT, AUTO_INCREMENT=154;

--
-- AUTO_INCREMENT for table `pstatus`
--
ALTER TABLE `pstatus`
  MODIFY `id` bigint(20) UNSIGNED NOT NULL AUTO_INCREMENT, AUTO_INCREMENT=3;

--
-- AUTO_INCREMENT for table `settings`
--
ALTER TABLE `settings`
  MODIFY `id` bigint(20) UNSIGNED NOT NULL AUTO_INCREMENT, AUTO_INCREMENT=2;

--
-- AUTO_INCREMENT for table `tasks`
--
ALTER TABLE `tasks`
  MODIFY `id` bigint(20) UNSIGNED NOT NULL AUTO_INCREMENT, AUTO_INCREMENT=102;

--
-- AUTO_INCREMENT for table `task_groups`
--
ALTER TABLE `task_groups`
  MODIFY `id` bigint(20) UNSIGNED NOT NULL AUTO_INCREMENT, AUTO_INCREMENT=53;

--
-- AUTO_INCREMENT for table `task_staff_maps`
--
ALTER TABLE `task_staff_maps`
  MODIFY `id` bigint(20) UNSIGNED NOT NULL AUTO_INCREMENT, AUTO_INCREMENT=142;

--
-- AUTO_INCREMENT for table `timezones`
--
ALTER TABLE `timezones`
  MODIFY `id` bigint(20) UNSIGNED NOT NULL AUTO_INCREMENT, AUTO_INCREMENT=136;

--
-- AUTO_INCREMENT for table `users`
--
ALTER TABLE `users`
  MODIFY `id` bigint(20) UNSIGNED NOT NULL AUTO_INCREMENT, AUTO_INCREMENT=39;

--
-- AUTO_INCREMENT for table `user_actives`
--
ALTER TABLE `user_actives`
  MODIFY `id` bigint(20) UNSIGNED NOT NULL AUTO_INCREMENT, AUTO_INCREMENT=3;

--
-- AUTO_INCREMENT for table `user_roles`
--
ALTER TABLE `user_roles`
  MODIFY `id` bigint(20) UNSIGNED NOT NULL AUTO_INCREMENT, AUTO_INCREMENT=4;

--
-- AUTO_INCREMENT for table `vpcodes`
--
ALTER TABLE `vpcodes`
  MODIFY `id` bigint(20) UNSIGNED NOT NULL AUTO_INCREMENT, AUTO_INCREMENT=2;

--
-- AUTO_INCREMENT for table `years`
--
ALTER TABLE `years`
  MODIFY `id` bigint(20) UNSIGNED NOT NULL AUTO_INCREMENT, AUTO_INCREMENT=2031;

--
-- AUTO_INCREMENT for table `zoom_setting`
--
ALTER TABLE `zoom_setting`
  MODIFY `id` bigint(20) UNSIGNED NOT NULL AUTO_INCREMENT, AUTO_INCREMENT=2;
COMMIT;

/*!40101 SET CHARACTER_SET_CLIENT=@OLD_CHARACTER_SET_CLIENT */;
/*!40101 SET CHARACTER_SET_RESULTS=@OLD_CHARACTER_SET_RESULTS */;
/*!40101 SET COLLATION_CONNECTION=@OLD_COLLATION_CONNECTION */;
